section,p,distance_units,weighted_sum,weighted_mean
f1 spiral,0.5,10.0,151.13772392101635,0.9746060293126994
f1 spiral,0.5,10.864,151.1212832527662,0.9744458260294241
f1 spiral,0.5,11.802,151.10311441207884,0.9742694555718384
f1 spiral,0.5,12.821,151.08301218438805,0.9740750986171227
f1 spiral,0.5,13.928,151.06074342993674,0.9738607016437694
f1 spiral,0.5,15.131,151.0360427990173,0.9736239425702312
f1 spiral,0.5,16.437,151.00860772926393,0.9733621908052013
f1 spiral,0.5,17.857,150.9780925971232,0.9730724607321376
f1 spiral,0.5,19.399,150.94410187171965,0.9727513574700068
f1 spiral,0.5,21.074,150.9061820907133,0.97239501353637
f1 spiral,0.5,22.894,150.86381244342687,0.971999014780505
f1 spiral,0.5,24.87,150.81639370527932,0.9715583136442044
f1 spiral,0.5,27.018,150.76323521788078,0.9710671274350361
f1 spiral,0.5,29.351,150.70353954914543,0.9705188188473516
f1 spiral,0.5,31.886,150.63638439509856,0.9699057554228261
f1 spiral,0.5,34.639,150.5607011967247,0.9692191439830575
f1 spiral,0.5,37.63,150.47524983745512,0.9684488352641503
f1 spiral,0.5,40.88,150.37858865490477,0.9675830930020797
f1 spiral,0.5,44.41,150.2690388380271,0.9666083205126842
f1 spiral,0.5,48.245,150.14464207986703,0.9655087363224607
f1 spiral,0.5,52.411,150.00311010592415,0.9642659885586619
f1 spiral,0.5,56.937,149.841764384638,0.96285869549668
f1 spiral,0.5,61.854,149.6574639306482,0.9612618967511497
f1 spiral,0.5,67.195,149.446518607303,0.9594463958958865
f1 spiral,0.5,72.998,149.20458468649753,0.9573779705454049
f1 spiral,0.5,79.301,148.92653858088815,0.9550164197593639
f1 spiral,0.5,86.149,148.60632355381983,0.9523144105134514
f1 spiral,0.5,93.589,148.23676273107995,0.9492160741449628
f1 spiral,0.5,101.67,147.80932973020668,0.9456552889774874
f1 spiral,0.5,110.45,147.3138654512304,0.9415535649971488
f1 spiral,0.5,119.988,146.73822566981767,0.9368174177334754
f1 spiral,0.5,130.349,146.06783845225897,0.931335076939697
f1 spiral,0.5,141.605,145.28514210354655,0.9249723138587069
f1 spiral,0.5,153.833,144.36886171473628,0.9175670760197165
f1 spiral,0.5,167.117,143.29306246988432,0.9089224676949379
f1 spiral,0.5,181.549,142.02588529009574,0.8987973642634492
f1 spiral,0.5,197.226,140.52781457105309,0.8868935144718562
f1 spiral,0.5,214.257,138.7492268293492,0.8728371863211251
f1 spiral,0.5,232.759,136.62677426852667,0.8561518429040781
f1 spiral,0.5,252.859,134.07774994575027,0.8362149841893141
f1 spiral,0.5,274.694,130.99063829362157,0.8121843543759604
f1 spiral,0.5,298.415,127.20755755243013,0.7828571496194824
f1 spiral,0.5,324.184,121.9257494090496,0.7459682030725514
f1 spiral,0.5,352.178,114.51055574777236,0.6993669000519603
f1 spiral,0.5,382.59,104.74852053781117,0.6406269267482337
f1 spiral,0.5,415.628,99.55601594865554,0.6115932578119154
f1 spiral,0.5,451.519,101.52492167093305,0.6286956565563045
f1 spiral,0.5,490.51,102.34259048880699,0.6420893986214676
f1 spiral,0.5,532.867,100.52747887196095,0.6468003276125558
f1 spiral,0.5,578.882,97.78138843341125,0.6453025286441754
f1 spiral,0.5,628.87,94.5574667102875,0.6388227218068123
f1 spiral,0.5,683.176,90.82958142553133,0.6270693342799376
f1 spiral,0.5,742.17,86.51363863612907,0.6092092629364885
f1 spiral,0.5,806.259,81.45366565763749,0.5837226249374
f1 spiral,0.5,875.883,75.35213303762977,0.5477413949481813
f1 spiral,0.5,951.519,66.28290369693488,0.4906801437490382
f1 spiral,0.5,1033.686,59.31528900571886,0.4534458637574233
f1 spiral,0.5,1122.948,59.21780704967965,0.47463829393083157
f1 spiral,0.5,1219.919,57.30747272797569,0.48387782212530533
f1 spiral,0.5,1325.263,55.25127094339727,0.4897350145785761
f1 spiral,0.5,1439.705,53.17691494426388,0.49384936027068593
f1 spiral,0.5,1564.028,51.1312578069926,0.49690042410636265
f1 spiral,0.5,1699.088,49.13502529733533,0.499239763903754
f1 spiral,0.5,1845.81,47.19805343108329,0.501074003535469
f1 spiral,0.5,2005.203,45.32492390019458,0.5025352004039197
f1 spiral,0.5,2178.359,43.517432654294595,0.503712900356304
f1 spiral,0.5,2366.468,41.775802573324114,0.5046705370831801
f1 spiral,0.5,2570.822,40.099330916436614,0.5054545695532437
f1 spiral,0.5,2792.821,38.48675754686808,0.5060999197041705
f1 spiral,0.5,3033.992,36.93648492776551,0.5066333830249051
f1 spiral,0.5,3295.988,35.44671477623848,0.5070758617216622
f1 spiral,0.5,3580.608,34.01553560230846,0.5074438803201563
f1 spiral,0.5,3889.807,32.64098014536171,0.507750645919445
f1 spiral,0.5,4225.706,31.321063738586503,0.5080068093365777
f1 spiral,0.5,4590.611,30.05381024296192,0.5082210238056436
f1 spiral,0.5,4987.027,28.837269680450227,0.5084003630218941
f1 spiral,0.5,5417.675,27.669530207562822,0.5085506391801115
f1 spiral,0.5,5885.511,26.54872616113437,0.5086766484390434
f1 spiral,0.5,6393.746,25.473043337378456,0.5087823627519124
f1 spiral,0.5,6945.869,24.440722298258276,0.5088710814123254
f1 spiral,0.5,7545.671,23.450060257944394,0.508945551902104
f1 spiral,0.5,8197.267,22.499411940351898,0.5090080670435863
f1 spiral,0.5,8905.13,21.58718968826775,0.509060543651525
f1 spiral,0.5,9674.121,20.711863027854726,0.5091045865937525
f1 spiral,0.5,10509.516,19.871957838209035,0.509141541240365
f1 spiral,0.5,11417.051,19.06605523694442,0.5091725365995222
f1 spiral,0.5,12402.955,18.292790264728662,0.5091985209311857
f1 spiral,0.5,13473.996,17.550850431132716,0.5092202912485773
f1 spiral,0.5,14637.524,16.838974168909697,0.5092385178264583
f1 spiral,0.5,15901.528,16.15594923241553,0.509253764611508
f1 spiral,0.5,17274.682,15.500611067273201,0.5092665062559508
f1 spiral,0.5,18766.414,14.871841171837119,0.509277142358913
f1 spiral,0.5,20386.962,14.268565466003693,0.5092860093917716
f1 spiral,0.5,22147.451,13.689752679059184,0.5092933906974639
f1 spiral,0.5,24059.963,13.13441276527658,0.5092995248843897
f1 spiral,0.5,26137.629,12.601595353662171,0.509304612879524
f1 spiral,0.5,28394.708,12.090388236456093,0.5093088238598191
f1 spiral,0.5,30846.695,11.599915899593,0.5093123002437991
f1 spiral,0.5,33510.419,11.129338097239646,0.5093151618947469
f1 spiral,0.5,36404.165,10.677848471679136,0.5093175096617657
f1 spiral,0.5,39547.798,10.244673219154015,0.5093194283642489
f1 spiral,0.5,42962.894,9.829069801771531,0.5093209893080903
f1 spiral,0.5,46672.896,9.430325705183728,0.5093222524076717
f1 spiral,0.5,50703.27,9.047757241456559,0.5093232679757697
f1 spiral,0.5,55081.682,8.68070839631736,0.509324078233577
f1 spiral,0.5,59838.186,8.328549719803503,0.5093247185847365
f1 spiral,0.5,65005.431,7.990677259213915,0.5093252186903304
f1 spiral,0.5,70618.886,7.666511533180622,0.5093256033759259
f1 spiral,0.5,76717.084,7.355496545621595,0.5093258933968976
f1 spiral,0.5,83341.883,7.057098838302384,0.5093261060841185
f1 spiral,0.5,90538.758,6.770806580718528,0.5093262558886629
f1 spiral,0.5,98357.109,6.4961286960082685,0.5093263548412422
f1 spiral,0.5,106850.603,6.232594021613682,0.5093264129396491
f1 spiral,0.5,116077.542,5.979750503425157,0.5093264384754124
f1 spiral,0.5,126101.26,5.737164422166776,0.5093264383091255
f1 spiral,0.5,136990.562,5.5044196508077246,0.5093264181024366
f1 spiral,0.5,148820.195,5.281116941815673,0.5093263825134514
f1 spiral,0.5,161671.361,5.066873243101082,0.5093263353612478
f1 spiral,0.5,175632.271,4.8613210415363195,0.509326279764321
f1 spiral,0.5,190798.756,4.664107732968949,0.5093262182570256
f1 spiral,0.5,207274.923,4.474895017684654,0.5093261528874548
f1 spiral,0.5,225173.867,4.293358320311569,0.5093260852996583
f1 spiral,0.5,244618.449,4.119186233193529,0.5093260168026561
f1 spiral,0.5,265742.142,3.9520799822953014,0.5093259484283169
f1 spiral,0.5,288689.943,3.791752914737671,0.5093258809798547
f1 spiral,0.5,313619.37,3.637930007094221,0.5093258150724199
f1 spiral,0.5,340701.543,3.490347393614961,0.509325751167037
f1 spiral,0.5,370122.361,3.348751913574079,0.509325689598938
f1 spiral,0.5,402083.773,3.2129006769703974,0.5093256306011846
f1 spiral,0.5,436805.17,3.0825606478394567,0.5093255743243321
f1 spiral,0.5,474524.885,2.95750824446531,0.5093255208527622
f1 spiral,0.5,515501.835,2.8375289558084136,0.5093254702182259
f1 spiral,0.5,560017.294,2.7224169734932264,0.5093254224110433
f1 spiral,0.5,608376.825,2.6119748387253248,0.5093253773893396
f1 spiral,0.5,660912.377,2.5060131035331876,0.5093253350866406
f1 spiral,0.5,717984.565,2.4043500057540284,0.5093252954180938
f1 spiral,0.5,779985.144,2.306811157206442,0.5093252582855438
f1 spiral,0.5,847339.699,2.2132292445151553,0.5093252235816513
f1 spiral,0.5,920510.564,2.123443742074694,0.5093251911932177
f1 spiral,0.5,1000000.0,2.0373006366595536,0.5093251610038486
f1 spiral,1.0,10.0,5.953938641747266,0.9725829123851537
f1 spiral,1.0,10.864,5.95382550793609,0.9723857360068514
f1 spiral,1.0,11.802,5.953695432590356,0.9721689360612559
f1 spiral,1.0,12.821,5.953545646639441,0.9719303453882676
f1 spiral,1.0,13.928,5.953372902501579,0.9716675231508629
f1 spiral,1.0,15.131,5.953173388426855,0.9713777152009838
f1 spiral,1.0,16.437,5.952942627092855,0.9710578080166827
f1 spiral,1.0,17.857,5.9526753554771545,0.9707042750758704
f1 spiral,1.0,19.399,5.952365382447217,0.9703131143176158
f1 spiral,1.0,21.074,5.952005419804172,0.9698797750841606
f1 spiral,1.0,22.894,5.95158688166471,0.9693990726259787
f1 spiral,1.0,24.87,5.951099646031517,0.9688650878764131
f1 spiral,1.0,27.018,5.950531771144465,0.9682710497466397
f1 spiral,1.0,29.351,5.949869157668522,0.9676091966369638
f1 spiral,1.0,31.886,5.949095145891288,0.9668706131826796
f1 spiral,1.0,34.639,5.948190034785537,0.966045037421025
f1 spiral,1.0,37.63,5.9471305069264115,0.9651206325402689
f1 spiral,1.0,40.88,5.945888939690979,0.9640837161007103
f1 spiral,1.0,44.41,5.944432578715164,0.9629184380319291
f1 spiral,1.0,48.245,5.942722543981121,0.9616063967200517
f1 spiral,1.0,52.411,5.940712631810493,0.960126179980705
f1 spiral,1.0,56.937,5.938347866975571,0.9584528145010798
f1 spiral,1.0,61.854,5.935562747466191,0.9565571031981617
f1 spiral,1.0,67.195,5.9322791092688,0.9544048245578686
f1 spiral,1.0,72.998,5.92840351856235,0.951955760934038
f1 spiral,1.0,79.301,5.923824072207765,0.9491625133358115
f1 spiral,1.0,86.149,5.918406451680292,0.9459690474441554
f1 spiral,1.0,93.589,5.911989026790907,0.9423088980136188
f1 spiral,1.0,101.67,5.904376737827379,0.9381029341974253
f1 spiral,1.0,110.45,5.895333389148495,0.9332565531750739
f1 spiral,1.0,119.988,5.884571849688238,0.9276561181185924
f1 spiral,1.0,130.349,5.871741453551859,0.9211643796681197
f1 spiral,1.0,141.605,5.856411589269089,0.9136145017533939
f1 spiral,1.0,153.833,5.838049994958823,0.9048021245881438
f1 spiral,1.0,167.117,5.81599352468366,0.8944745880500788
f1 spiral,1.0,181.549,5.789407908466634,0.8823159073579155
f1 spiral,1.0,197.226,5.7572308887711285,0.8679251365564201
f1 spiral,1.0,214.257,5.718089251406424,0.8507839337023949
f1 spiral,1.0,232.759,5.670172876776695,0.8302054283406605
f1 spiral,1.0,252.859,5.611033782378562,0.8052482620973661
f1 spiral,1.0,274.694,5.537244265382394,0.7745593873603531
f1 spiral,1.0,298.415,5.443763881616553,0.736051624367277
f1 spiral,1.0,324.184,5.204457479630005,0.6832435130761565
f1 spiral,1.0,352.178,4.720211699022784,0.6105817260388241
f1 spiral,1.0,382.59,3.985483154457646,0.5132025504475822
f1 spiral,1.0,415.628,3.693697156333015,0.47805779543413696
f1 spiral,1.0,451.519,4.097550642494121,0.5389729200021414
f1 spiral,1.0,490.51,4.340753102722102,0.5901764402885461
f1 spiral,1.0,532.867,4.164415983325757,0.6127864015853999
f1 spiral,1.0,578.882,3.9325596395109192,0.6225947089302417
f1 spiral,1.0,628.87,3.717572799525266,0.6252908224182934
f1 spiral,1.0,683.176,3.5123026778213675,0.6208190292037589
f1 spiral,1.0,742.17,3.310505989701907,0.6080389833715448
f1 spiral,1.0,806.259,3.105474367244156,0.5844097058768024
f1 spiral,1.0,875.883,2.8878249807958536,0.5443477001310829
f1 spiral,1.0,951.519,2.369469330035299,0.44940025247874865
f1 spiral,1.0,1033.686,1.9078875874897618,0.38489050322705115
f1 spiral,1.0,1122.948,1.9615457238977512,0.44920655034318424
f1 spiral,1.0,1219.919,1.7752460782521307,0.467299876771734
f1 spiral,1.0,1325.263,1.614317853980068,0.477866478538655
f1 spiral,1.0,1439.705,1.4723622451613454,0.48492647067828537
f1 spiral,1.0,1564.028,1.3456326105472203,0.48998579840970824
f1 spiral,1.0,1699.088,1.2316292151837935,0.4937699081882449
f1 spiral,1.0,1845.81,1.1285368612204534,0.4966822340812828
f1 spiral,1.0,2005.203,1.0349601261752528,0.4989693280591231
f1 spiral,1.0,2178.359,0.9497823277074595,0.5007922863978382
f1 spiral,1.0,2366.468,0.8720832266756355,0.5022617329889382
f1 spiral,1.0,2570.822,0.8010875524326231,0.5034565858649352
f1 spiral,1.0,2792.821,0.7361309998110204,0.504434854851455
f1 spiral,1.0,3033.992,0.676636754026286,0.5052402111667982
f1 spiral,1.0,3295.988,0.622098681156798,0.5059061716536184
f1 spiral,1.0,3580.608,0.5720689148020774,0.5064588675365589
f1 spiral,1.0,3889.807,0.5261484434093893,0.5069189368523114
f1 spiral,1.0,4225.706,0.4839798066368035,0.507302854325692
f1 spiral,1.0,4590.611,0.44524131218593177,0.5076238886061326
f1 spiral,1.0,4987.027,0.4096423735447454,0.5078928057875746
f1 spiral,1.0,5417.675,0.3769196907071589,0.5081183959364143
f1 spiral,1.0,5885.511,0.346834076367318,0.5083078734555125
f1 spiral,1.0,6393.746,0.31916778456155653,0.5084671857643087
f1 spiral,1.0,6945.869,0.29372223641017187,0.5086012541909269
f1 spiral,1.0,7545.671,0.27031606416231235,0.5087141639617989
f1 spiral,1.0,8197.267,0.2487834137689883,0.5088093154338579
f1 spiral,1.0,8905.13,0.2289724600400637,0.5088895454474768
f1 spiral,1.0,9674.121,0.21074409863293186,0.5089572253872805
f1 spiral,1.0,10509.516,0.1939707867228493,0.5090143409050605
f1 spiral,1.0,11417.051,0.178535509939509,0.5090625570775797
f1 spiral,1.0,12402.955,0.16433085752564364,0.5091032719051877
f1 spiral,1.0,13473.996,0.15125819103846116,0.509137660412749
f1 spiral,1.0,14637.524,0.1392268945297297,0.5091667111294773
f1 spiral,1.0,15901.528,0.12815369619120573,0.5091912563552053
f1 spiral,1.0,17274.682,0.11796205307499885,0.5092119973367758
f1 spiral,1.0,18766.414,0.10858159179415941,0.5092295252577982
f1 spiral,1.0,20386.962,0.0999475991523588,0.5092443387722607
f1 spiral,1.0,22147.451,0.09200055749947372,0.5092568586760122
f1 spiral,1.0,24059.963,0.08468572030492297,0.5092674402014787
f1 spiral,1.0,26137.629,0.07795272401526658,0.5092763833339109
f1 spiral,1.0,28394.708,0.07175523274182215,0.5092839414772347
f1 spiral,1.0,30846.695,0.06605061272711321,0.5092903287406525
f1 spiral,1.0,33510.419,0.0607996338807294,0.5092957260707326
f1 spiral,1.0,36404.165,0.05596619596728972,0.5093002864157566
f1 spiral,1.0,39547.798,0.051517077280755524,0.5093041390778761
f1 spiral,1.0,42962.894,0.04742170385752026,0.5093073933829035
f1 spiral,1.0,46672.896,0.04365193747121067,0.5093101417762648
f1 spiral,1.0,50703.27,0.040181880819495405,0.5093124624359856
f1 spiral,1.0,55081.682,0.036987698461066754,0.5093144214788993
f1 spiral,1.0,59838.186,0.034047452192279976,0.5093160748240255
f1 spiral,1.0,65005.431,0.03134094967008821,0.5093174697668595
f1 spiral,1.0,70618.886,0.028849605192867472,0.5093186463097632
f1 spiral,1.0,76717.084,0.026556311645095337,0.5093196382864977
f1 spiral,1.0,83341.883,0.024445322696970247,0.509320474312941
f1 spiral,1.0,90538.758,0.02250214442706424,0.5093211785909916
f1 spiral,1.0,98357.109,0.020713435605929368,0.5093217715884338
f1 spiral,1.0,106850.603,0.01906691594203722,0.5093222706139768
f1 spiral,1.0,116077.542,0.017551281649209736,0.5093226903036816
f1 spiral,1.0,126101.26,0.01615612774738613,0.5093230430324742
f1 spiral,1.0,136990.562,0.014871876556685516,0.5093233392623028
f1 spiral,1.0,148820.195,0.013689711888713471,0.5093235878367195
f1 spiral,1.0,161671.361,0.01260151847931771,0.5093237962301372
f1 spiral,1.0,175632.271,0.01159982624387427,0.5093239707587484
f1 spiral,1.0,190798.756,0.010677758969986635,0.509324116759003
f1 spiral,1.0,207274.923,0.009828987093484525,0.5093242387386429
f1 spiral,1.0,225173.867,0.00904768423206302,0.5093243405045063
f1 spiral,1.0,244618.449,0.00832848717702645,0.5093244252706823
f1 spiral,1.0,265742.142,0.0076664590675971575,0.5093244957500287
f1 spiral,1.0,288689.943,0.007057055494296442,0.5093245542316133
f1 spiral,1.0,313619.37,0.0064960932981674,0.5093246026462411
f1 spiral,1.0,340701.543,0.005979721851237203,0.5093246426218988
f1 spiral,1.0,370122.361,0.005504396620743056,0.5093246755306607
f1 spiral,1.0,402083.773,0.005066854835396982,0.5093247025283757
f1 spiral,1.0,436805.17,0.004664093086451676,0.5093247245882359
f1 spiral,1.0,474524.885,0.00429334670965556,0.5093247425291733
f1 spiral,1.0,515501.835,0.003952070806445076,0.5093247570398757
f1 spiral,1.0,560017.294,0.0036379227740019017,0.5093247686990959
f1 spiral,1.0,608376.825,0.0033487462241812978,0.5093247779928252
f1 spiral,1.0,660912.377,0.0030825561808682954,0.5093247853288106
f1 spiral,1.0,717984.565,0.002837525454106755,0.5093247910488282
f1 spiral,1.0,779985.144,0.0026119720974341204,0.509324795439053
f1 spiral,1.0,847339.699,0.0024043478622982365,0.5093247987388233
f1 spiral,1.0,920510.564,0.002213227570282741,0.5093248011480435
f1 spiral,1.0,1000000.0,0.002037299330172566,0.5093248028334357
f1 spiral,1.5,10.0,0.23891800266376717,0.9705169632072486
f1 spiral,1.5,10.864,0.2389574157449595,0.9702827879749255
f1 spiral,1.5,11.802,0.23900037674131852,0.9700255342450946
f1 spiral,1.5,12.821,0.23904721889684957,0.9697426882050069
f1 spiral,1.5,13.928,0.23909830932496934,0.9694314233017496
f1 spiral,1.5,15.131,0.23915405292745084,0.9690885554663972
f1 spiral,1.5,16.437,0.23921489685487887,0.9687104911102775
f1 spiral,1.5,17.857,0.23928133559971246,0.9682931666147409
f1 spiral,1.5,19.399,0.23935391683151272,0.9678319777921442
f1 spiral,1.5,21.074,0.23943324810677608,0.9673216975020187
f1 spiral,1.5,22.894,0.23952000461435458,0.9667563792513273
f1 spiral,1.5,24.87,0.23961493815327478,0.9661292441772507
f1 spiral,1.5,27.018,0.23971888758506302,0.9654325482872984
f1 spiral,1.5,29.351,0.23983279106036315,0.9646574261922585
f1 spiral,1.5,31.886,0.23995770039365405,0.9637937067838552
f1 spiral,1.5,34.639,0.24009479805564393,0.9628296953441202
f1 spiral,1.5,37.63,0.2402454173779075,0.9617519153795812
f1 spiral,1.5,40.88,0.2404110667289456,0.9605448019880024
f1 spiral,1.5,44.41,0.24059345863975828,0.9591903367061542
f1 spiral,1.5,48.245,0.2407945451511248,0.9576676114441518
f1 spiral,1.5,52.411,0.2410165610542095,0.9559523061373625
f1 spiral,1.5,56.937,0.24126207724484905,0.9540160609391392
f1 spiral,1.5,61.854,0.24153406717502124,0.9518257188584643
f1 spiral,1.5,67.195,0.24183599046028395,0.9493424083267761
f1 spiral,1.5,72.998,0.24217189923845855,0.9465204267054189
f1 spiral,1.5,79.301,0.2425465751037088,0.9433058744229854
f1 spiral,1.5,86.149,0.24296570772668238,0.9396349740926973
f1 spiral,1.5,93.589,0.2434361312043148,0.9354319878604975
f1 spiral,1.5,101.67,0.24396614173244263,0.9306066167189131
f1 spiral,1.5,110.45,0.24456593199867055,0.9250507234558639
f1 spiral,1.5,119.988,0.24524819659326288,0.9186341597002211
f1 spiral,1.5,130.349,0.24602899381049892,0.9111993863873914
f1 spiral,1.5,141.605,0.2469290018490827,0.902554437709283
f1 spiral,1.5,153.833,0.24797539964229892,0.892463559540346
f1 spiral,1.5,167.117,0.24920477049847597,0.8806344971154164
f1 spiral,1.5,181.549,0.2506677465874503,0.8667008051249087
f1 spiral,1.5,197.226,0.25243675424456985,0.850196491544076
f1 spiral,1.5,214.257,0.2546195913072715,0.8305183322404921
f1 spiral,1.5,232.759,0.2573847269128583,0.806867285541107
f1 spiral,1.5,252.859,0.2610122096157126,0.7781520803601543
f1 spiral,1.5,274.694,0.2660068966273748,0.7428183458407278
f1 spiral,1.5,298.415,0.27338733443464835,0.6985137356611817
f1 spiral,1.5,324.184,0.26688365272067954,0.630723079315611
f1 spiral,1.5,352.178,0.23285291984903922,0.5280143919829774
f1 spiral,1.5,382.59,0.17206063223819468,0.3830185856457937
f1 spiral,1.5,415.628,0.15395121652931662,0.3433394902212334
f1 spiral,1.5,451.519,0.2032400840175489,0.46476402874623823
f1 spiral,1.5,490.51,0.23225322124248593,0.5654232074763994
f1 spiral,1.5,532.867,0.20637805453155647,0.6004268002491038
f1 spiral,1.5,578.882,0.18116723202150659,0.6163725903888686
f1 spiral,1.5,628.87,0.1633041445385892,0.6260634670364721
f1 spiral,1.5,683.176,0.15023202572949995,0.6288110976842922
f1 spiral,1.5,742.17,0.14085781852957147,0.6228505337077433
f1 spiral,1.5,806.259,0.1351601228448525,0.6048895159359451
f1 spiral,1.5,875.883,0.1351736866039524,0.5683785996960699
f1 spiral,1.5,951.519,0.10794788637164884,0.42423347038976794
f1 spiral,1.5,1033.686,0.07494005536124237,0.31910767675871454
f1 spiral,1.5,1122.948,0.08119767737726559,0.4493233577893446
f1 spiral,1.5,1219.919,0.06337777543543155,0.468110102311252
f1 spiral,1.5,1325.263,0.05215927593417648,0.47890007085308794
f1 spiral,1.5,1439.705,0.04395510586099194,0.4859866524599894
f1 spiral,1.5,1564.028,0.03753619348543641,0.4909875357568834
f1 spiral,1.5,1699.088,0.03232508122400246,0.49467852443485044
f1 spiral,1.5,1845.81,0.02799758062462387,0.49748706524864555
f1 spiral,1.5,2005.203,0.02434958684626993,0.4996713857144419
f1 spiral,1.5,2178.359,0.021242036183592886,0.5013981245940018
f1 spiral,1.5,2366.468,0.018574642467852814,0.50278028237468
f1 spiral,1.5,2570.822,0.01627197594320924,0.5038974906295133
f1 spiral,1.5,2792.821,0.014275464002483175,0.5048076036470712
f1 spiral,1.5,3033.992,0.012538490567639542,0.5055537000441349
f1 spiral,1.5,3295.988,0.011023233156048345,0.5061685062063878
f1 spiral,1.5,3580.608,0.00969853129049552,0.506677298101806
f1 spiral,1.5,3889.807,0.008538396700686273,0.507099866837169
f1 spiral,1.5,4225.706,0.00752093925937484,0.5074518872306075
f1 spiral,1.5,4590.611,0.006627571673810261,0.5077458937744669
f1 spiral,1.5,4987.027,0.005842406783197307,0.5079919912956558
f1 spiral,1.5,5417.675,0.0051517914996701275,0.508198381983773
f1 spiral,1.5,5885.511,0.004543939992290817,0.5083717625676816
f1 spiral,1.5,6393.746,0.0040086404814836905,0.5085176278946011
f1 spiral,1.5,6945.869,0.003537017676080544,0.5086405058729019
f1 spiral,1.5,7545.671,0.0031213379988329418,0.508744141297574
f1 spiral,1.5,8197.267,0.0027548482321848432,0.5088316410712725
f1 spiral,1.5,8905.13,0.0024316406390758167,0.5089055899026954
f1 spiral,1.5,9674.121,0.002146539327768253,0.5089681431714387
f1 spiral,1.5,10509.516,0.00189500386236711,0.5090211019531716
f1 spiral,1.5,11417.051,0.0016730470205700407,0.509065973979826
f1 spiral,1.5,12402.955,0.0014771642664379745,0.5091040234205721
f1 spiral,1.5,13473.996,0.0013042730058729452,0.5091363117127989
f1 spiral,1.5,14637.524,0.0011516600723430633,0.5091637311815497
f1 spiral,1.5,15901.528,0.0010169361825387055,0.5091870328148757
f1 spiral,1.5,17274.682,0.0008979963289449544,0.5092068492791909
f1 spiral,1.5,18766.414,0.0007929852551365958,0.5092237140401717
f1 spiral,1.5,20386.962,0.0007002673017819927,0.5092380772846492
f1 spiral,1.5,22147.451,0.0006184000255361759,0.5092503192055192
f1 spiral,1.5,24059.963,0.0005461110856019062,0.5092607611061731
f1 spiral,1.5,26137.629,0.0004822779685032048,0.5092696746969757
f1 spiral,1.5,28394.708,0.0004259101841325001,0.5092772898890205
f1 spiral,1.5,30846.695,0.0003761336181203049,0.5092838013361782
f1 spiral,1.5,33510.419,0.0003321767691188528,0.50928937393254
f1 spiral,1.5,36404.165,0.00029335863629894037,0.509294147436616
f1 spiral,1.5,39547.798,0.0002590780534879382,0.509298240364451
f1 spiral,1.5,42962.894,0.0002288042929143347,0.5093017532698559
f1 spiral,1.5,46672.896,0.00020206878425424885,0.5093047715102402
f1 spiral,1.5,50703.27,0.00017845781422544448,0.5093073675802399
f1 spiral,1.5,55081.682,0.00015760608885118023,0.5093096030818652
f1 spiral,1.5,59838.186,0.0001391910551320279,0.5093115303887038
f1 spiral,1.5,65005.431,0.0001229278915568403,0.5093131940524028
f1 spiral,1.5,70618.886,0.00010856508793409002,0.5093146319919127
f1 spiral,1.5,76717.084,9.588054466461152e-05,0.5093158764994943
f1 spiral,1.5,83341.883,8.467813000153847e-05,0.5093169550920843
f1 spiral,1.5,90538.758,7.478464121752617e-05,0.5093178912320799
f1 spiral,1.5,98357.109,6.604712206271767e-05,0.5093187049378104
f1 spiral,1.5,106850.603,5.8330494568352044e-05,0.5093194133007741
f1 spiral,1.5,116077.542,5.151546823228999e-05,0.5093200309240405
f1 spiral,1.5,126101.26,4.5496694001617445e-05,0.5093205702939729
f1 spiral,1.5,136990.562,4.018113431949803e-05,0.5093210420955236
f1 spiral,1.5,148820.195,3.548662389399542e-05,0.5093214554797704
f1 spiral,1.5,161671.361,3.1340598832487187e-05,0.5093218182910085
f1 spiral,1.5,175632.271,2.7678974415987678e-05,0.5093221372595879
f1 spiral,1.5,190798.756,2.4445154106284022e-05,0.5093224181657237
f1 spiral,1.5,207274.923,2.1589154422948607e-05,0.5093226659787075
f1 spiral,1.5,225173.867,1.90668321299786e-05,0.5093228849752599
f1 spiral,1.5,244618.449,1.6839201761906945e-05,0.509323078840196
f1 spiral,1.5,265742.142,1.4871832922075624e-05,0.5093232507520817
f1 spiral,1.5,288689.943,1.3134318023607242e-05,0.5093234034561575
f1 spiral,1.5,313619.37,1.159980223601147e-05,0.5093235393264501
f1 spiral,1.5,340701.543,1.0244568364524169e-05,0.5093236604187042
f1 spiral,1.5,370122.361,9.047670240331456e-06,0.5093237685155156
f1 spiral,1.5,402083.773,7.990608951114089e-06,0.5093238651648372
f1 spiral,1.5,436805.17,7.057046904601658e-06,0.5093239517128517
f1 spiral,1.5,474524.885,6.232555303398225e-06,0.5093240293320528
f1 spiral,1.5,515501.835,5.504391126359003e-06,0.5093240990452503
f1 spiral,1.5,560017.294,4.861300168304432e-06,0.5093241617461075
f1 spiral,1.5,608376.825,4.2933430929508335e-06,0.5093242182167201
f1 spiral,1.5,660912.377,3.7917418098772432e-06,0.509324269142683
f1 spiral,1.5,717984.565,3.348743800658195e-06,0.5093243151260091
f1 spiral,1.5,779985.144,2.9575022968486685e-06,0.509324356696218
f1 spiral,1.5,847339.699,2.611970457612152e-06,0.5093243943198648
f1 spiral,1.5,920510.564,2.3068079112325123e-06,0.5093244284087349
f1 spiral,1.5,1000000.0,2.0372982158989382e-06,0.5093244593269001
f1 spiral,2.0,10.0,0.009766348464024514,0.9684582568202242
f1 spiral,2.0,10.864,0.009770856821259326,0.9681886019563032
f1 spiral,2.0,11.802,0.009775790253192064,0.9678925811183321
f1 spiral,2.0,12.821,0.009781192112076433,0.9675673558861142
f1 spiral,2.0,13.928,0.009787110751395682,0.9672097396248363
f1 spiral,2.0,15.131,0.009793600202633456,0.9668161482797912
f1 spiral,2.0,16.437,0.00980072096031692,0.9663825433096406
f1 spiral,2.0,17.857,0.009808540895497856,0.9659043653791592
f1 spiral,2.0,19.399,0.009817136322144194,0.9653764571720417
f1 spiral,2.0,21.074,0.009826593246272513,0.9647929733713053
f1 spiral,2.0,22.894,0.009837008834355914,0.9641472754774969
f1 spiral,2.0,24.87,0.009848493145980079,0.9634318086789998
f1 spiral,2.0,27.018,0.009861171186410944,0.9626379574362843
f1 spiral,2.0,29.351,0.009875185348375557,0.9617558757705332
f1 spiral,2.0,31.886,0.009890698329884783,0.960774287428346
f1 spiral,2.0,34.639,0.009907896637631104,0.9596802500922864
f1 spiral,2.0,37.63,0.009926994815154976,0.9584588765759972
f1 spiral,2.0,40.88,0.009948240574071612,0.9570930044235223
f1 spiral,2.0,44.41,0.009971921058688537,0.9555628034489666
f1 spiral,2.0,48.245,0.00999837054432159,0.9538453084050248
f1 spiral,2.0,52.411,0.010027979964757064,0.9519138610258986
f1 spiral,2.0,56.937,0.010061208795189222,0.949737441977287
f1 spiral,2.0,61.854,0.01009859999929663,0.9472798685292347
f1 spiral,2.0,67.195,0.01014079900659994,0.9444988277290595
f1 spiral,2.0,72.998,0.010188578055184501,0.9413447070555253
f1 spiral,2.0,79.301,0.010242867771939291,0.9377591743768253
f1 spiral,2.0,86.149,0.01030479865779774,0.9336734456626411
f1 spiral,2.0,93.589,0.01037575634550519,0.9290061611009734
f1 spiral,2.0,101.67,0.010457456345648588,0.9236607662872017
f1 spiral,2.0,110.45,0.010552046908293445,0.9175222624042142
f1 spiral,2.0,119.988,0.010662253331011295,0.9104531439384548
f1 spiral,2.0,130.349,0.010791584858060102,0.9022882786015346
f1 spiral,2.0,141.605,0.010944638713056714,0.8928283926294133
f1 spiral,2.0,153.833,0.011127559615208237,0.881831691051252
f1 spiral,2.0,167.117,0.011348757205036964,0.8690029434060982
f1 spiral,2.0,181.549,0.011620069366892184,0.8539790617524424
f1 spiral,2.0,197.226,0.011958735025836272,0.8363097231143161
f1 spiral,2.0,214.257,0.012390925011077409,0.8154308259208328
f1 spiral,2.0,232.759,0.012958494450835826,0.7906273087872667
f1 spiral,2.0,252.859,0.013733022746806108,0.7609797123252872
f1 spiral,2.0,274.694,0.014848382629252983,0.7252851263156729
f1 spiral,2.0,298.415,0.016588563872451854,0.6819367770329743
f1 spiral,2.0,324.184,0.017048784742370728,0.6048060698705849
f1 spiral,2.0,352.178,0.01448785700458666,0.4763534489117888
f1 spiral,2.0,382.59,0.009098134995521489,0.28844793462954416
f1 spiral,2.0,415.628,0.007832756676324184,0.24748227145232982
f1 spiral,2.0,451.519,0.013118743375152064,0.42871953476747326
f1 spiral,2.0,490.51,0.016021227411931252,0.5769222002885268
f1 spiral,2.0,532.867,0.012390676512673967,0.6143638991601478
f1 spiral,2.0,578.882,0.009593347020620627,0.628106682661624
f1 spiral,2.0,628.87,0.007974519459388403,0.6401553704798743
f1 spiral,2.0,683.176,0.007031151410282252,0.6484901044621505
f1 spiral,2.0,742.17,0.0065826171362067774,0.6502482188020876
f1 spiral,2.0,806.259,0.00666604999916944,0.6414387033732328
f1 spiral,2.0,875.883,0.00778623351039992,0.6164961362009131
f1 spiral,2.0,951.519,0.006623344882347955,0.42388632375116647
f1 spiral,2.0,1033.686,0.004002834488176701,0.2785268469516512
f1 spiral,2.0,1122.948,0.004407397759133236,0.482229421121185
f1 spiral,2.0,1219.919,0.0026748966323627468,0.4899329951770288
f1 spiral,2.0,1325.263,0.001891002689897967,0.4948349383717079
f1 spiral,2.0,1439.705,0.0014273602415819956,0.4982080607105779
f1 spiral,2.0,1564.028,0.0011160258836598724,0.5006342326462949
f1 spiral,2.0,1699.088,0.0008915533065249711,0.5024331747579235
f1 spiral,2.0,1845.81,0.0007224287207564778,0.503797537462249
f1 spiral,2.0,2005.203,0.000591240514078852,0.5048506437504057
f1 spiral,2.0,2178.359,0.00048739740566184275,0.5056750211363488
f1 spiral,2.0,2366.468,0.00040398810930976044,0.5063278333209852
f1 spiral,2.0,2570.822,0.0003362583709368858,0.5068497858200266
f1 spiral,2.0,2792.821,0.0002808027209118529,0.5072705298872767
f1 spiral,2.0,3033.992,0.00023510369435727216,0.5076120772930883
f1 spiral,2.0,3295.988,0.0001972533808979968,0.5078910320605068
f1 spiral,2.0,3580.608,0.00016577683305089142,0.5081200912080894
f1 spiral,2.0,3889.807,0.000139515437049816,0.5083090789377323
f1 spiral,2.0,4225.706,0.00011754718682406538,0.5084656746056962
f1 spiral,2.0,4590.611,9.913055396255662e-05,0.5085959347528075
f1 spiral,2.0,4987.027,8.366395400840702e-05,0.50870467362816
f1 spiral,2.0,5417.675,7.065582564802064e-05,0.5087957446122803
f1 spiral,2.0,5885.511,5.970211945139787e-05,0.5088722510491589
f1 spiral,2.0,6393.746,5.046907893895385e-05,0.5089367060235009
f1 spiral,2.0,6945.869,4.267987931394722e-05,0.5089911547031369
f1 spiral,2.0,7545.671,3.610412963542317e-05,0.5090372688910485
f1 spiral,2.0,8197.267,3.054953524873141e-05,0.5090764207138688
f1 spiral,2.0,8905.13,2.585521381012152e-05,0.5091097404866352
f1 spiral,2.0,9674.121,2.188629358157321e-05,0.5091381624642073
f1 spiral,2.0,10509.516,1.852951758646214e-05,0.5091624612408665
f1 spiral,2.0,11417.051,1.5689644909825594e-05,0.5091832808739599
f1 spiral,2.0,12402.955,1.3286489467803627e-05,0.5092011583064334
f1 spiral,2.0,13473.996,1.1252472622323314e-05,0.5092165422931486
f1 spiral,2.0,14637.524,9.530592885006262e-06,0.5092298087600603
f1 spiral,2.0,15901.528,8.072736236127598e-06,0.5092412733178402
f1 spiral,2.0,17274.682,6.838266078903711e-06,0.5092512014941255
f1 spiral,2.0,18766.414,5.792843818982673e-06,0.5092598171282405
f1 spiral,2.0,20386.962,4.907440401439896e-06,0.5092673092795666
f1 spiral,2.0,22147.451,4.157506499006801e-06,0.5092738379288947
f1 spiral,2.0,24059.963,3.522274896313881e-06,0.5092795386960318
f1 spiral,2.0,26137.629,2.9841733023137004e-06,0.5092845267529567
f1 spiral,2.0,28394.708,2.5283296050051776e-06,0.5092889000770849
f1 spiral,2.0,30846.695,2.142154653510822e-06,0.5092927421616853
f1 spiral,2.0,33510.419,1.8149901603239317e-06,0.5092961242785282
f1 spiral,2.0,36404.165,1.537811374723778e-06,0.5092991073702885
f1 spiral,2.0,39547.798,1.3029758750265298e-06,0.509301743636092
f1 spiral,2.0,42962.894,1.1040112314110127e-06,0.5093040778621994
f1 spiral,2.0,46672.896,9.354354569096815e-07,0.5093061485405851
f1 spiral,2.0,50703.27,7.926051350346537e-07,0.5093079888106634
f1 spiral,2.0,55081.682,6.715869230673831e-07,0.5093096272532963
f1 spiral,2.0,59838.186,5.690488082264782e-07,0.5093110885612108
f1 spiral,2.0,65005.431,4.821680624213354e-07,0.5093123941058494
f1 spiral,2.0,70618.886,4.0855331860727927e-07,0.5093135624173081
f1 spiral,2.0,76717.084,3.461785930568928e-07,0.5093146095912275
f1 spiral,2.0,83341.883,2.9332741565220546e-07,0.5093155496342117
f1 spiral,2.0,90538.758,2.4854551491889963e-07,0.5093163947574488
f1 spiral,2.0,98357.109,2.106007445412984e-07,0.5093171556266253
f1 spiral,2.0,106850.603,1.7844914065119926e-07,0.5093178415749183
f1 spiral,2.0,116077.542,1.512061702274945e-07,0.5093184607847646
f1 spiral,2.0,126101.26,1.2812237545451332e-07,0.5093190204431844
f1 spiral,2.0,136990.562,1.085627410354397e-07,0.509319526874692
f1 spiral,2.0,148820.195,9.198921474243557e-08,0.5093199856551792
f1 spiral,2.0,161671.361,7.794589884821119e-08,0.5093204017096364
f1 spiral,2.0,175632.271,6.604650399934245e-08,0.5093207793961199
f1 spiral,2.0,190798.756,5.596371964391838e-08,0.5093211225780088
f1 spiral,2.0,207274.923,4.742020807238626e-08,0.5093214346862766
f1 spiral,2.0,225173.867,4.01809739533048e-08,0.50932171877324
f1 spiral,2.0,244618.449,3.4046899196770926e-08,0.5093219775590203
f1 spiral,2.0,265742.142,2.8849265114896046e-08,0.5093222134717733
f1 spiral,2.0,288689.943,2.4445111064410394e-08,0.5093224286825759
f1 spiral,2.0,313619.37,2.0713301806739472e-08,0.5093226251357335
f1 spiral,2.0,340701.543,1.7551195344665762e-08,0.5093228045751474
f1 spiral,2.0,370122.361,1.4871819532477711e-08,0.5093229685673024
f1 spiral,2.0,402083.773,1.2601479765725234e-08,0.5093231185213322
f1 spiral,2.0,436805.17,1.0677731924469727e-08,0.5093232557065738
f1 spiral,2.0,474524.885,9.047664797943202e-09,0.5093233812679475
f1 spiral,2.0,515501.835,7.666444736280885e-09,0.509323496239457
f1 spiral,2.0,560017.294,6.4960824913951765e-09,0.5093236015560609
f1 spiral,2.0,608376.825,5.504388323073958e-09,0.5093236980641307
f1 spiral,2.0,660912.377,4.664086626514119e-09,0.5093237865306806
f1 spiral,2.0,717984.565,3.952065726455345e-09,0.5093238676515262
f1 spiral,2.0,779985.144,3.348742201750023e-09,0.5093239420585125
f1 spiral,2.0,847339.699,2.8375222549935494e-09,0.5093240103259253
f1 spiral,2.0,920510.564,2.4043453114916733e-09,0.5093240729761891
f1 spiral,2.0,1000000.0,2.0372972938488517e-09,0.509324130484941
