scroll,z,variant,x,y,width,height,inside,capped
PHerc0125,1667,as-is,4735.48,2655.8,8387.0,8387.0,1,0
PHerc0125,1667,no-division,5028.48,4376.8,8387.0,8387.0,1,0
PHerc0125,2428,as-is,5159.25,3165.82,8387.0,8387.0,1,0
PHerc0125,2428,no-division,5174.25,3338.82,8387.0,8387.0,1,0
PHerc0125,3189,as-is,5730.5,9867.49,8387.0,8387.0,0,0
PHerc0125,3189,no-division,4826.5,3126.49,8387.0,8387.0,1,0
PHerc0125,3950,as-is,4204.24,10819.39,8387.0,8387.0,0,0
PHerc0125,3950,no-division,4711.24,3665.39,8387.0,8387.0,1,0
PHerc0125,4711,as-is,2608.96,12611.11,8387.0,8387.0,0,0
PHerc0125,4711,no-division,4466.96,3529.11,8387.0,8387.0,1,0
PHerc0125,5472,as-is,2305.05,17322.21,8387.0,8387.0,0,0
PHerc0125,5472,no-division,4402.05,3978.21,8387.0,8387.0,1,0
PHerc0125,6233,as-is,2238.09,18996.38,8387.0,8387.0,0,0
PHerc0125,6233,no-division,4381.09,4127.38,8387.0,8387.0,1,0
PHerc0125,6994,as-is,24887.48,-217706.09,8387.0,8387.0,0,1
PHerc0125,6994,no-division,4474.48,4147.91,8387.0,8387.0,1,0
PHerc0125,7756,as-is,6040.6,-18874.13,8387.0,8387.0,0,0
PHerc0125,7756,no-division,4304.6,4286.87,8387.0,8387.0,1,0
PHerc0125,8517,as-is,74097.12,-642972.75,8387.0,8387.0,0,1
PHerc0125,8517,no-division,4509.12,4253.25,8387.0,8387.0,1,0
PHerc0125,9278,as-is,5716.65,-8272.83,8387.0,8387.0,0,0
PHerc0125,9278,no-division,4305.65,4143.17,8387.0,8387.0,1,0
PHerc0125,10039,as-is,6068.23,-6985.65,8387.0,8387.0,0,0
PHerc0125,10039,no-division,4413.23,4175.35,8387.0,8387.0,1,0
PHerc0125,10800,as-is,8921.38,-20244.19,8387.0,8387.0,0,0
PHerc0125,10800,no-division,4098.38,4091.81,8387.0,8387.0,1,0
PHerc0125,11561,as-is,30256.97,-130799.74,8387.0,8387.0,0,1
PHerc0125,11561,no-division,4417.97,4138.26,8387.0,8387.0,1,0
PHerc0125,12322,as-is,16916.81,-58300.08,8387.0,8387.0,0,0
PHerc0125,12322,no-division,4272.81,4079.92,8387.0,8387.0,1,0
PHerc0125,13083,as-is,10675.76,-26632.39,8387.0,8387.0,0,0
PHerc0125,13083,no-division,4339.76,4055.61,8387.0,8387.0,1,0
PHerc0125,13845,as-is,6672.02,-7957.84,8387.0,8387.0,0,0
PHerc0125,13845,no-division,4328.02,4303.16,8387.0,8387.0,1,0
PHerc0125,14606,as-is,5499.6,-3949.54,8387.0,8387.0,0,0
PHerc0125,14606,no-division,4421.6,4211.46,8387.0,8387.0,1,0
PHerc0125,15367,as-is,6755.19,-11319.3,8387.0,8387.0,0,0
PHerc0125,15367,no-division,4331.19,4323.7,8387.0,8387.0,1,0
PHerc0125,16128,as-is,5713.73,-8211.01,8387.0,8387.0,0,0
PHerc0125,16128,no-division,4490.73,4288.99,8387.0,8387.0,1,0
PHerc0125,16889,as-is,4617.82,-1768.07,8387.0,8387.0,0,0
PHerc0125,16889,no-division,4621.82,4057.93,8387.0,8387.0,1,0
PHerc0125,17650,as-is,4999.34,-2738.8,8387.0,8387.0,0,0
PHerc0125,17650,no-division,4478.34,4098.2,8387.0,8387.0,1,0
PHerc0125,18411,as-is,4899.79,-3556.84,8387.0,8387.0,0,0
PHerc0125,18411,no-division,4194.79,3977.16,8387.0,8387.0,1,0
PHerc0125,19172,as-is,1310.32,25445.3,8387.0,8387.0,0,0
PHerc0125,19172,no-division,4585.32,3801.3,8387.0,8387.0,1,0
PHerc0175A,1019,as-is,6757.88,5225.19,9363.0,9363.0,1,0
PHerc0175A,1019,no-division,7299.88,4724.19,9363.0,9363.0,1,0
PHerc0175A,1485,as-is,3600.23,5270.07,9363.0,9363.0,1,0
PHerc0175A,1485,no-division,4719.23,3252.07,9363.0,9363.0,1,0
PHerc0175A,1950,as-is,4349.68,5099.24,9363.0,9363.0,1,0
PHerc0175A,1950,no-division,4053.68,5342.24,9363.0,9363.0,1,0
PHerc0175A,2416,as-is,6002.15,140.49,9363.0,9363.0,1,0
PHerc0175A,2416,no-division,4346.15,5984.49,9363.0,9363.0,1,0
PHerc0175A,2882,as-is,6175.62,1694.27,9363.0,9363.0,1,0
PHerc0175A,2882,no-division,3641.62,6370.27,9363.0,9363.0,1,0
PHerc0175A,3347,as-is,6288.76,2032.91,9363.0,9363.0,1,0
PHerc0175A,3347,no-division,3754.76,6403.91,9363.0,9363.0,1,0
PHerc0175A,3813,as-is,6439.47,1310.46,9363.0,9363.0,1,0
PHerc0175A,3813,no-division,3919.47,6230.46,9363.0,9363.0,1,0
PHerc0175A,4278,as-is,6574.34,1105.08,9363.0,9363.0,1,0
PHerc0175A,4278,no-division,3983.34,5746.08,9363.0,9363.0,1,0
PHerc0175A,4744,as-is,4007.79,5578.26,9363.0,9363.0,1,0
PHerc0175A,4744,no-division,3968.79,5563.26,9363.0,9363.0,1,0
PHerc0175A,5210,as-is,4199.24,5756.7,9363.0,9363.0,1,0
PHerc0175A,5210,no-division,4155.24,5560.7,9363.0,9363.0,1,0
PHerc0175A,5675,as-is,4181.89,5581.7,9363.0,9363.0,1,0
PHerc0175A,5675,no-division,4141.89,5580.7,9363.0,9363.0,1,0
PHerc0175A,6141,as-is,4167.53,5591.08,9363.0,9363.0,1,0
PHerc0175A,6141,no-division,4156.53,5586.08,9363.0,9363.0,1,0
PHerc0175A,6606,as-is,4288.12,5478.25,9363.0,9363.0,1,0
PHerc0175A,6606,no-division,4212.12,5412.25,9363.0,9363.0,1,0
PHerc0175A,7072,as-is,4698.76,5437.95,9363.0,9363.0,1,0
PHerc0175A,7072,no-division,4303.76,5454.95,9363.0,9363.0,1,0
PHerc0175A,7537,as-is,5000.96,5440.44,9363.0,9363.0,1,0
PHerc0175A,7537,no-division,4820.96,5389.44,9363.0,9363.0,1,0
PHerc0175A,8003,as-is,4842.33,5314.2,9363.0,9363.0,1,0
PHerc0175A,8003,no-division,4674.33,5318.2,9363.0,9363.0,1,0
PHerc0175A,8469,as-is,4788.67,5309.2,9363.0,9363.0,1,0
PHerc0175A,8469,no-division,4779.67,5289.2,9363.0,9363.0,1,0
PHerc0175A,8934,as-is,4711.27,5340.01,9363.0,9363.0,1,0
PHerc0175A,8934,no-division,4677.27,5341.01,9363.0,9363.0,1,0
PHerc0175A,9400,as-is,4798.42,5236.54,9363.0,9363.0,1,0
PHerc0175A,9400,no-division,4798.42,5254.54,9363.0,9363.0,1,0
PHerc0175A,9865,as-is,4973.87,5224.42,9363.0,9363.0,1,0
PHerc0175A,9865,no-division,4964.87,5247.42,9363.0,9363.0,1,0
PHerc0175A,10331,as-is,5224.98,4982.09,9363.0,9363.0,1,0
PHerc0175A,10331,no-division,5263.98,5082.09,9363.0,9363.0,1,0
PHerc0175A,10797,as-is,5278.55,5050.44,9363.0,9363.0,1,0
PHerc0175A,10797,no-division,5151.55,4962.44,9363.0,9363.0,1,0
PHerc0175A,11262,as-is,4647.33,4988.27,9363.0,9363.0,1,0
PHerc0175A,11262,no-division,4157.33,5218.27,9363.0,9363.0,1,0
PHerc0175A,11728,as-is,3615.35,5063.86,9363.0,9363.0,1,0
PHerc0175A,11728,no-division,2527.35,5466.86,9363.0,9363.0,1,0
PHerc0175B,1271,as-is,5092.48,4978.14,9613.0,9613.0,1,0
PHerc0175B,1271,no-division,5102.48,5624.14,9613.0,9613.0,1,0
PHerc0175B,1852,as-is,5096.47,5098.23,9613.0,9613.0,1,0
PHerc0175B,1852,no-division,5398.47,5348.23,9613.0,9613.0,1,0
PHerc0175B,2432,as-is,4818.61,5573.76,9613.0,9613.0,1,0
PHerc0175B,2432,no-division,4794.61,5581.76,9613.0,9613.0,1,0
PHerc0175B,3013,as-is,4435.06,5678.4,9613.0,9613.0,1,0
PHerc0175B,3013,no-division,4247.06,5814.4,9613.0,9613.0,1,0
PHerc0175B,3594,as-is,3978.22,5794.99,9613.0,9613.0,1,0
PHerc0175B,3594,no-division,3959.22,5826.99,9613.0,9613.0,1,0
PHerc0175B,4174,as-is,4631.17,4858.7,9613.0,9613.0,1,0
PHerc0175B,4174,no-division,4108.17,5421.7,9613.0,9613.0,1,0
PHerc0175B,4755,as-is,5036.23,4674.69,9613.0,9613.0,1,0
PHerc0175B,4755,no-division,5300.23,4939.69,9613.0,9613.0,1,0
PHerc0175B,5335,as-is,4909.59,4748.49,9613.0,9613.0,1,0
PHerc0175B,5335,no-division,4857.59,4604.49,9613.0,9613.0,1,0
PHerc0175B,5916,as-is,4829.47,4930.42,9613.0,9613.0,1,0
PHerc0175B,5916,no-division,4832.47,4756.42,9613.0,9613.0,1,0
PHerc0175B,6497,as-is,5197.39,3973.38,9613.0,9613.0,1,0
PHerc0175B,6497,no-division,5244.39,3971.38,9613.0,9613.0,1,0
PHerc0175B,7077,as-is,4929.06,4797.12,9613.0,9613.0,1,0
PHerc0175B,7077,no-division,4694.06,3452.12,9613.0,9613.0,1,0
PHerc0175B,7658,as-is,4918.46,4058.28,9613.0,9613.0,1,0
PHerc0175B,7658,no-division,4922.46,4027.28,9613.0,9613.0,1,0
PHerc0175B,8238,as-is,5630.41,4312.03,9613.0,9613.0,1,0
PHerc0175B,8238,no-division,4965.41,4481.03,9613.0,9613.0,1,0
PHerc0175B,8819,as-is,4651.56,4915.83,9613.0,9613.0,1,0
PHerc0175B,8819,no-division,5215.56,4294.83,9613.0,9613.0,1,0
PHerc0175B,9399,as-is,5713.44,5308.0,9613.0,9613.0,1,0
PHerc0175B,9399,no-division,5833.44,4534.0,9613.0,9613.0,1,0
PHerc0175B,9980,as-is,5278.32,5250.75,9613.0,9613.0,1,0
PHerc0175B,9980,no-division,5479.32,5624.75,9613.0,9613.0,1,0
PHerc0175B,10561,as-is,5322.31,5876.29,9613.0,9613.0,1,0
PHerc0175B,10561,no-division,5357.31,5917.29,9613.0,9613.0,1,0
PHerc0175B,11141,as-is,5186.07,5357.47,9613.0,9613.0,1,0
PHerc0175B,11141,no-division,5405.07,5734.47,9613.0,9613.0,1,0
PHerc0175B,11722,as-is,4813.92,5585.55,9613.0,9613.0,1,0
PHerc0175B,11722,no-division,4941.92,5637.55,9613.0,9613.0,1,0
PHerc0175B,12302,as-is,4758.7,5380.42,9613.0,9613.0,1,0
PHerc0175B,12302,no-division,4696.7,5384.42,9613.0,9613.0,1,0
PHerc0175B,12883,as-is,4119.08,5830.26,9613.0,9613.0,1,0
PHerc0175B,12883,no-division,4116.08,5825.26,9613.0,9613.0,1,0
PHerc0175B,13464,as-is,13244.07,-6573.57,9613.0,9613.0,0,0
PHerc0175B,13464,no-division,4190.07,4135.43,9613.0,9613.0,1,0
PHerc0175B,14044,as-is,5802.77,4147.78,9613.0,9613.0,1,0
PHerc0175B,14044,no-division,2276.77,3882.78,9613.0,9613.0,1,0
PHerc0175B,14625,as-is,9773.15,14196.52,9613.0,9613.0,0,0
PHerc0175B,14625,no-division,7791.15,5507.52,9613.0,9613.0,1,0
PHerc0191,1518,as-is,5703.71,5583.36,8387.0,8387.0,1,0
PHerc0191,1518,no-division,5794.71,4334.36,8387.0,8387.0,1,0
PHerc0191,2211,as-is,4202.97,5457.94,8387.0,8387.0,1,0
PHerc0191,2211,no-division,4680.97,5421.94,8387.0,8387.0,1,0
PHerc0191,2904,as-is,3892.71,5487.66,8387.0,8387.0,1,0
PHerc0191,2904,no-division,4213.71,5528.66,8387.0,8387.0,1,0
PHerc0191,3597,as-is,4229.49,5309.81,8387.0,8387.0,1,0
PHerc0191,3597,no-division,4350.49,5221.81,8387.0,8387.0,1,0
PHerc0191,4290,as-is,4418.42,4927.92,8387.0,8387.0,1,0
PHerc0191,4290,no-division,4744.42,5030.92,8387.0,8387.0,1,0
PHerc0191,4983,as-is,4190.62,6527.47,8387.0,8387.0,1,0
PHerc0191,4983,no-division,4361.62,4671.47,8387.0,8387.0,1,0
PHerc0191,5676,as-is,4595.49,5852.76,8387.0,8387.0,1,0
PHerc0191,5676,no-division,4550.49,4394.76,8387.0,8387.0,1,0
PHerc0191,6369,as-is,4813.8,4444.52,8387.0,8387.0,1,0
PHerc0191,6369,no-division,4948.8,4059.52,8387.0,8387.0,1,0
PHerc0191,7062,as-is,4713.82,4083.21,8387.0,8387.0,1,0
PHerc0191,7062,no-division,5121.82,4357.21,8387.0,8387.0,1,0
PHerc0191,7755,as-is,4291.25,4216.38,8387.0,8387.0,1,0
PHerc0191,7755,no-division,5055.25,4244.38,8387.0,8387.0,1,0
PHerc0191,8448,as-is,4436.4,4329.47,8387.0,8387.0,1,0
PHerc0191,8448,no-division,4967.4,3772.47,8387.0,8387.0,1,0
PHerc0191,9141,as-is,4531.1,3724.09,8387.0,8387.0,1,0
PHerc0191,9141,no-division,4312.1,3625.09,8387.0,8387.0,1,0
PHerc0191,9835,as-is,3704.3,3948.9,8387.0,8387.0,1,0
PHerc0191,9835,no-division,4361.3,3111.9,8387.0,8387.0,1,0
PHerc0191,10528,as-is,3587.55,4272.41,8387.0,8387.0,1,0
PHerc0191,10528,no-division,3599.55,4266.41,8387.0,8387.0,1,0
PHerc0191,11221,as-is,4015.99,4692.56,8387.0,8387.0,1,0
PHerc0191,11221,no-division,3770.99,4609.56,8387.0,8387.0,1,0
PHerc0191,11914,as-is,4338.73,4403.5,8387.0,8387.0,1,0
PHerc0191,11914,no-division,4321.73,4441.5,8387.0,8387.0,1,0
PHerc0191,12607,as-is,3907.03,4900.44,8387.0,8387.0,1,0
PHerc0191,12607,no-division,4345.03,4737.44,8387.0,8387.0,1,0
PHerc0191,13300,as-is,3697.4,4778.74,8387.0,8387.0,1,0
PHerc0191,13300,no-division,4296.4,4790.74,8387.0,8387.0,1,0
PHerc0191,13993,as-is,4050.06,5255.71,8387.0,8387.0,1,0
PHerc0191,13993,no-division,4181.06,5512.71,8387.0,8387.0,1,0
PHerc0191,14686,as-is,4576.08,4452.21,8387.0,8387.0,1,0
PHerc0191,14686,no-division,4201.08,5413.21,8387.0,8387.0,1,0
PHerc0191,15379,as-is,3821.72,4679.44,8387.0,8387.0,1,0
PHerc0191,15379,no-division,4829.72,3819.44,8387.0,8387.0,1,0
PHerc0191,16072,as-is,4547.0,4178.81,8387.0,8387.0,1,0
PHerc0191,16072,no-division,4953.0,4100.81,8387.0,8387.0,1,0
PHerc0191,16765,as-is,3967.27,4330.67,8387.0,8387.0,1,0
PHerc0191,16765,no-division,4426.27,4014.67,8387.0,8387.0,1,0
PHerc0191,17458,as-is,3779.77,4300.61,8387.0,8387.0,1,0
PHerc0191,17458,no-division,4034.77,3895.61,8387.0,8387.0,1,0
PHerc0211,1553,as-is,4474.61,5445.74,7948.0,7948.0,1,0
PHerc0211,1553,no-division,3995.61,3821.74,7948.0,7948.0,1,0
PHerc0211,2262,as-is,2703.16,-3920.42,7948.0,7948.0,0,0
PHerc0211,2262,no-division,4591.16,5334.58,7948.0,7948.0,1,0
PHerc0211,2971,as-is,-31596.93,-229174.91,7948.0,7948.0,0,1
PHerc0211,2971,no-division,4327.07,4923.09,7948.0,7948.0,1,0
PHerc0211,3680,as-is,1838.88,-26652.89,7948.0,7948.0,0,0
PHerc0211,3680,no-division,4044.88,4423.11,7948.0,7948.0,1,0
PHerc0211,4389,as-is,4253.4,12397.21,7948.0,7948.0,0,0
PHerc0211,4389,no-division,3516.4,4140.21,7948.0,7948.0,1,0
PHerc0211,5098,as-is,3442.29,11144.35,7948.0,7948.0,0,0
PHerc0211,5098,no-division,3379.29,3879.35,7948.0,7948.0,1,0
PHerc0211,5807,as-is,3137.63,7665.14,7948.0,7948.0,1,0
PHerc0211,5807,no-division,3411.63,3912.14,7948.0,7948.0,1,0
PHerc0211,6517,as-is,2974.58,7728.05,7948.0,7948.0,1,0
PHerc0211,6517,no-division,3470.58,3898.05,7948.0,7948.0,1,0
PHerc0211,7226,as-is,2855.07,8348.1,7948.0,7948.0,0,0
PHerc0211,7226,no-division,3377.07,3809.1,7948.0,7948.0,1,0
PHerc0211,7935,as-is,2696.13,8898.62,7948.0,7948.0,0,0
PHerc0211,7935,no-division,3491.13,3727.62,7948.0,7948.0,1,0
PHerc0211,8644,as-is,1153.06,13546.67,7948.0,7948.0,0,0
PHerc0211,8644,no-division,3427.06,3702.67,7948.0,7948.0,1,0
PHerc0211,9353,as-is,114.38,16204.82,7948.0,7948.0,0,0
PHerc0211,9353,no-division,3427.38,3566.82,7948.0,7948.0,1,0
PHerc0211,10062,as-is,-3360.19,28426.1,7948.0,7948.0,0,0
PHerc0211,10062,no-division,3439.81,3436.1,7948.0,7948.0,1,0
PHerc0211,10771,as-is,1455.42,13731.12,7948.0,7948.0,0,0
PHerc0211,10771,no-division,3498.42,3008.12,7948.0,7948.0,1,0
PHerc0211,11480,as-is,2894.16,9998.51,7948.0,7948.0,0,0
PHerc0211,11480,no-division,3433.16,2776.51,7948.0,7948.0,1,0
PHerc0211,12189,as-is,3670.3,14087.7,7948.0,7948.0,0,0
PHerc0211,12189,no-division,2993.3,2741.7,7948.0,7948.0,1,0
PHerc0211,12898,as-is,3904.22,2899.29,7948.0,7948.0,1,0
PHerc0211,12898,no-division,3878.22,2884.29,7948.0,7948.0,1,0
PHerc0211,13608,as-is,3848.76,12709.67,7948.0,7948.0,0,0
PHerc0211,13608,no-division,4095.76,3103.67,7948.0,7948.0,1,0
PHerc0211,14317,as-is,2594.98,10381.15,7948.0,7948.0,0,0
PHerc0211,14317,no-division,4630.98,3504.15,7948.0,7948.0,1,0
PHerc0211,15026,as-is,4057.04,3677.86,7948.0,7948.0,1,0
PHerc0211,15026,no-division,4280.04,3499.86,7948.0,7948.0,1,0
PHerc0211,15735,as-is,3594.71,3438.52,7948.0,7948.0,1,0
PHerc0211,15735,no-division,3594.71,3439.52,7948.0,7948.0,1,0
PHerc0211,16444,as-is,4602.09,3740.05,7948.0,7948.0,1,0
PHerc0211,16444,no-division,2834.09,4212.05,7948.0,7948.0,1,0
PHerc0211,17153,as-is,3979.37,4259.47,7948.0,7948.0,1,0
PHerc0211,17153,no-division,2788.37,4682.47,7948.0,7948.0,1,0
PHerc0211,17862,as-is,3269.1,5350.38,7948.0,7948.0,1,0
PHerc0211,17862,no-division,3156.1,4948.38,7948.0,7948.0,1,0
PHerc0257,1509,as-is,-1367.06,12627.73,8388.0,8388.0,0,0
PHerc0257,1509,no-division,5840.94,5332.73,8388.0,8388.0,1,0
PHerc0257,2198,as-is,-2120.86,-3750.76,8388.0,8388.0,0,0
PHerc0257,2198,no-division,4417.14,4305.24,8388.0,8388.0,1,0
PHerc0257,2888,as-is,4616.34,5453.86,8388.0,8388.0,1,0
PHerc0257,2888,no-division,4581.34,5458.86,8388.0,8388.0,1,0
PHerc0257,3577,as-is,4437.76,5501.02,8388.0,8388.0,1,0
PHerc0257,3577,no-division,4435.76,5494.02,8388.0,8388.0,1,0
PHerc0257,4266,as-is,4558.79,5431.64,8388.0,8388.0,1,0
PHerc0257,4266,no-division,4733.79,5221.64,8388.0,8388.0,1,0
PHerc0257,4955,as-is,4952.78,4770.37,8388.0,8388.0,1,0
PHerc0257,4955,no-division,4921.78,4745.37,8388.0,8388.0,1,0
PHerc0257,5645,as-is,4241.27,4704.99,8388.0,8388.0,1,0
PHerc0257,5645,no-division,4731.27,4851.99,8388.0,8388.0,1,0
PHerc0257,6334,as-is,4576.13,4713.92,8388.0,8388.0,1,0
PHerc0257,6334,no-division,3837.13,5311.92,8388.0,8388.0,1,0
PHerc0257,7023,as-is,4140.47,4515.96,8388.0,8388.0,1,0
PHerc0257,7023,no-division,4141.47,4502.96,8388.0,8388.0,1,0
PHerc0257,7712,as-is,1068.69,5590.87,8388.0,8388.0,1,0
PHerc0257,7712,no-division,3933.69,3855.87,8388.0,8388.0,1,0
PHerc0257,8402,as-is,-251.26,5230.74,8388.0,8388.0,0,0
PHerc0257,8402,no-division,4045.74,3524.74,8388.0,8388.0,1,0
PHerc0257,9091,as-is,998.64,4498.12,8388.0,8388.0,1,0
PHerc0257,9091,no-division,4195.64,3492.12,8388.0,8388.0,1,0
PHerc0257,9780,as-is,1023.57,4936.91,8388.0,8388.0,1,0
PHerc0257,9780,no-division,3896.57,3086.91,8388.0,8388.0,1,0
PHerc0257,10469,as-is,923.28,5297.39,8388.0,8388.0,1,0
PHerc0257,10469,no-division,4084.28,3507.39,8388.0,8388.0,1,0
PHerc0257,11159,as-is,405.2,5660.63,8388.0,8388.0,1,0
PHerc0257,11159,no-division,3876.2,3643.63,8388.0,8388.0,1,0
PHerc0257,11848,as-is,1498.57,5485.61,8388.0,8388.0,1,0
PHerc0257,11848,no-division,3911.57,3413.61,8388.0,8388.0,1,0
PHerc0257,12537,as-is,1227.36,5654.43,8388.0,8388.0,1,0
PHerc0257,12537,no-division,4091.36,3797.43,8388.0,8388.0,1,0
PHerc0257,13226,as-is,1147.97,5936.72,8388.0,8388.0,1,0
PHerc0257,13226,no-division,3999.97,3818.72,8388.0,8388.0,1,0
PHerc0257,13916,as-is,-597.77,6877.29,8388.0,8388.0,0,0
PHerc0257,13916,no-division,3827.23,3761.29,8388.0,8388.0,1,0
PHerc0257,14605,as-is,-925.71,7554.93,8388.0,8388.0,0,0
PHerc0257,14605,no-division,3976.29,4150.93,8388.0,8388.0,1,0
PHerc0257,15294,as-is,2582.62,6542.53,8388.0,8388.0,1,0
PHerc0257,15294,no-division,4198.62,4266.53,8388.0,8388.0,1,0
PHerc0257,15983,as-is,4280.09,4305.37,8388.0,8388.0,1,0
PHerc0257,15983,no-division,4326.09,4253.37,8388.0,8388.0,1,0
PHerc0257,16673,as-is,-2403.14,15724.57,8388.0,8388.0,0,0
PHerc0257,16673,no-division,4428.86,4139.57,8388.0,8388.0,1,0
PHerc0257,17362,as-is,4200.17,4546.84,8388.0,8388.0,1,0
PHerc0257,17362,no-division,3814.17,3984.84,8388.0,8388.0,1,0
PHerc0268,1186,as-is,37495.74,56448.12,12145.0,12145.0,0,0
PHerc0268,1186,no-division,6727.74,4782.12,12145.0,12145.0,1,0
PHerc0268,1728,as-is,7355.99,13034.12,12145.0,12145.0,0,0
PHerc0268,1728,no-division,5444.99,3742.12,12145.0,12145.0,1,0
PHerc0268,2270,as-is,7010.0,9041.28,12145.0,12145.0,1,0
PHerc0268,2270,no-division,7744.0,4403.28,12145.0,12145.0,1,0
PHerc0268,2811,as-is,6594.57,9614.33,12145.0,12145.0,1,0
PHerc0268,2811,no-division,8099.57,5576.33,12145.0,12145.0,1,0
PHerc0268,3353,as-is,5606.93,41417.99,12145.0,12145.0,0,0
PHerc0268,3353,no-division,5797.93,6013.99,12145.0,12145.0,1,0
PHerc0268,3895,as-is,5599.83,5307.03,12145.0,12145.0,1,0
PHerc0268,3895,no-division,4916.83,6619.03,12145.0,12145.0,1,0
PHerc0268,4437,as-is,6065.3,5649.14,12145.0,12145.0,1,0
PHerc0268,4437,no-division,5154.3,6684.14,12145.0,12145.0,1,0
PHerc0268,4978,as-is,5746.97,6051.8,12145.0,12145.0,1,0
PHerc0268,4978,no-division,5656.97,5458.8,12145.0,12145.0,1,0
PHerc0268,5520,as-is,6112.66,5769.47,12145.0,12145.0,1,0
PHerc0268,5520,no-division,5917.66,4789.47,12145.0,12145.0,1,0
PHerc0268,6062,as-is,5017.31,6054.19,12145.0,12145.0,1,0
PHerc0268,6062,no-division,6091.31,4392.19,12145.0,12145.0,1,0
PHerc0268,6603,as-is,6047.85,4580.85,12145.0,12145.0,1,0
PHerc0268,6603,no-division,6387.85,4196.85,12145.0,12145.0,1,0
PHerc0268,7145,as-is,5365.26,4939.0,12145.0,12145.0,1,0
PHerc0268,7145,no-division,6396.26,4158.0,12145.0,12145.0,1,0
PHerc0268,7687,as-is,5843.64,5524.68,12145.0,12145.0,1,0
PHerc0268,7687,no-division,5616.64,4764.68,12145.0,12145.0,1,0
PHerc0268,8229,as-is,6647.54,5761.71,12145.0,12145.0,1,0
PHerc0268,8229,no-division,6074.54,5150.71,12145.0,12145.0,1,0
PHerc0268,8770,as-is,6209.05,5645.98,12145.0,12145.0,1,0
PHerc0268,8770,no-division,5856.05,7135.98,12145.0,12145.0,1,0
PHerc0268,9312,as-is,5925.93,6112.88,12145.0,12145.0,1,0
PHerc0268,9312,no-division,6149.93,6881.88,12145.0,12145.0,1,0
PHerc0268,9854,as-is,6349.86,6438.65,12145.0,12145.0,1,0
PHerc0268,9854,no-division,6326.86,7925.65,12145.0,12145.0,1,0
PHerc0268,10395,as-is,5847.47,6956.97,12145.0,12145.0,1,0
PHerc0268,10395,no-division,6295.47,8191.97,12145.0,12145.0,1,0
PHerc0268,10937,as-is,6279.94,7432.73,12145.0,12145.0,1,0
PHerc0268,10937,no-division,6513.94,7964.73,12145.0,12145.0,1,0
PHerc0268,11479,as-is,5741.24,6701.99,12145.0,12145.0,1,0
PHerc0268,11479,no-division,6361.24,7598.99,12145.0,12145.0,1,0
PHerc0268,12021,as-is,3861.7,1038.08,12145.0,12145.0,1,0
PHerc0268,12021,no-division,6593.7,3871.08,12145.0,12145.0,1,0
PHerc0268,12562,as-is,6362.58,5989.46,12145.0,12145.0,1,0
PHerc0268,12562,no-division,6206.58,6854.46,12145.0,12145.0,1,0
PHerc0268,13104,as-is,5887.21,5234.98,12145.0,12145.0,1,0
PHerc0268,13104,no-division,4638.21,8334.98,12145.0,12145.0,1,0
PHerc0268,13646,as-is,5587.11,4925.21,12145.0,12145.0,1,0
PHerc0268,13646,no-division,6339.11,9780.21,12145.0,12145.0,1,0
PHerc0306B,1271,as-is,4366.91,-119.82,8849.0,8849.0,0,0
PHerc0306B,1271,no-division,4569.91,5558.18,8849.0,8849.0,1,0
PHerc0306B,1852,as-is,4485.25,1508.08,8849.0,8849.0,1,0
PHerc0306B,1852,no-division,4399.25,5199.08,8849.0,8849.0,1,0
PHerc0306B,2433,as-is,4604.88,-1398.82,8849.0,8849.0,0,0
PHerc0306B,2433,no-division,4366.88,4876.18,8849.0,8849.0,1,0
PHerc0306B,3013,as-is,4008.0,4351.82,8849.0,8849.0,1,0
PHerc0306B,3013,no-division,4222.0,4621.82,8849.0,8849.0,1,0
PHerc0306B,3594,as-is,4342.96,4737.27,8849.0,8849.0,1,0
PHerc0306B,3594,no-division,4477.96,4849.27,8849.0,8849.0,1,0
PHerc0306B,4174,as-is,4337.56,4430.34,8849.0,8849.0,1,0
PHerc0306B,4174,no-division,4328.56,5313.34,8849.0,8849.0,1,0
PHerc0306B,4755,as-is,4625.41,5180.47,8849.0,8849.0,1,0
PHerc0306B,4755,no-division,4281.41,5477.47,8849.0,8849.0,1,0
PHerc0306B,5336,as-is,5177.77,4720.75,8849.0,8849.0,1,0
PHerc0306B,5336,no-division,4454.77,5158.75,8849.0,8849.0,1,0
PHerc0306B,5916,as-is,5285.19,3899.62,8849.0,8849.0,1,0
PHerc0306B,5916,no-division,4465.19,5259.62,8849.0,8849.0,1,0
PHerc0306B,6497,as-is,7389.1,-2675.86,8849.0,8849.0,0,0
PHerc0306B,6497,no-division,4492.1,4602.14,8849.0,8849.0,1,0
PHerc0306B,7078,as-is,8202.28,-9658.89,8849.0,8849.0,0,0
PHerc0306B,7078,no-division,4502.28,4970.11,8849.0,8849.0,1,0
PHerc0306B,7658,as-is,6469.75,-1280.83,8849.0,8849.0,0,0
PHerc0306B,7658,no-division,4496.75,4787.17,8849.0,8849.0,1,0
PHerc0306B,8239,as-is,6057.94,61.94,8849.0,8849.0,1,0
PHerc0306B,8239,no-division,4523.94,4547.94,8849.0,8849.0,1,0
PHerc0306B,8819,as-is,4930.17,4543.29,8849.0,8849.0,1,0
PHerc0306B,8819,no-division,5162.17,4640.29,8849.0,8849.0,1,0
PHerc0306B,9400,as-is,5002.52,4376.63,8849.0,8849.0,1,0
PHerc0306B,9400,no-division,4889.52,4430.63,8849.0,8849.0,1,0
PHerc0306B,9981,as-is,4912.15,3914.76,8849.0,8849.0,1,0
PHerc0306B,9981,no-division,4914.15,3914.76,8849.0,8849.0,1,0
PHerc0306B,10561,as-is,4869.36,3869.42,8849.0,8849.0,1,0
PHerc0306B,10561,no-division,4879.36,3578.42,8849.0,8849.0,1,0
PHerc0306B,11142,as-is,4989.76,3488.42,8849.0,8849.0,1,0
PHerc0306B,11142,no-division,4974.76,3482.42,8849.0,8849.0,1,0
PHerc0306B,11723,as-is,4146.77,6488.28,8849.0,8849.0,1,0
PHerc0306B,11723,no-division,4985.77,3202.28,8849.0,8849.0,1,0
PHerc0306B,12303,as-is,4301.06,8485.35,8849.0,8849.0,1,0
PHerc0306B,12303,no-division,4716.06,2874.35,8849.0,8849.0,1,0
PHerc0306B,12884,as-is,4799.8,6723.73,8849.0,8849.0,1,0
PHerc0306B,12884,no-division,4481.8,3355.73,8849.0,8849.0,1,0
PHerc0306B,13464,as-is,4738.22,6668.19,8849.0,8849.0,1,0
PHerc0306B,13464,no-division,4291.22,2790.19,8849.0,8849.0,1,0
PHerc0306B,14045,as-is,4609.78,5350.92,8849.0,8849.0,1,0
PHerc0306B,14045,no-division,4301.78,2738.92,8849.0,8849.0,1,0
PHerc0306B,14626,as-is,3847.95,5365.38,8849.0,8849.0,1,0
PHerc0306B,14626,no-division,4956.95,3407.38,8849.0,8849.0,1,0
PHerc0332,671,as-is,1799.98,2069.06,3941.0,3941.0,1,0
PHerc0332,671,no-division,2350.98,2035.06,3941.0,3941.0,1,0
PHerc0332,978,as-is,2130.02,2092.04,3941.0,3941.0,1,0
PHerc0332,978,no-division,1981.02,2079.04,3941.0,3941.0,1,0
PHerc0332,1285,as-is,2125.27,2084.94,3941.0,3941.0,1,0
PHerc0332,1285,no-division,2124.27,2072.94,3941.0,3941.0,1,0
PHerc0332,1591,as-is,2128.55,2092.28,3941.0,3941.0,1,0
PHerc0332,1591,no-division,2128.55,2090.28,3941.0,3941.0,1,0
PHerc0332,1898,as-is,2099.92,2096.17,3941.0,3941.0,1,0
PHerc0332,1898,no-division,2094.92,2093.17,3941.0,3941.0,1,0
PHerc0332,2205,as-is,2091.79,2100.51,3941.0,3941.0,1,0
PHerc0332,2205,no-division,2090.79,2103.51,3941.0,3941.0,1,0
PHerc0332,2512,as-is,2083.31,2107.76,3941.0,3941.0,1,0
PHerc0332,2512,no-division,2079.31,2113.76,3941.0,3941.0,1,0
PHerc0332,2818,as-is,2073.43,2100.54,3941.0,3941.0,1,0
PHerc0332,2818,no-division,2077.43,2097.54,3941.0,3941.0,1,0
PHerc0332,3125,as-is,2058.62,2116.91,3941.0,3941.0,1,0
PHerc0332,3125,no-division,2056.62,2115.91,3941.0,3941.0,1,0
PHerc0332,3432,as-is,2041.14,2111.79,3941.0,3941.0,1,0
PHerc0332,3432,no-division,2023.14,2132.79,3941.0,3941.0,1,0
PHerc0332,3738,as-is,2016.89,2130.12,3941.0,3941.0,1,0
PHerc0332,3738,no-division,2018.89,2132.12,3941.0,3941.0,1,0
PHerc0332,4045,as-is,2021.0,2119.24,3941.0,3941.0,1,0
PHerc0332,4045,no-division,2028.0,2130.24,3941.0,3941.0,1,0
PHerc0332,4352,as-is,1948.19,2091.35,3941.0,3941.0,1,0
PHerc0332,4352,no-division,1951.19,2094.35,3941.0,3941.0,1,0
PHerc0332,4659,as-is,1905.09,2024.06,3941.0,3941.0,1,0
PHerc0332,4659,no-division,1899.09,2021.06,3941.0,3941.0,1,0
PHerc0332,4965,as-is,1915.87,2011.45,3941.0,3941.0,1,0
PHerc0332,4965,no-division,1919.87,1997.45,3941.0,3941.0,1,0
PHerc0332,5272,as-is,1953.73,1994.63,3941.0,3941.0,1,0
PHerc0332,5272,no-division,1957.73,1989.63,3941.0,3941.0,1,0
PHerc0332,5579,as-is,1991.26,2023.22,3941.0,3941.0,1,0
PHerc0332,5579,no-division,1994.26,2020.22,3941.0,3941.0,1,0
PHerc0332,5885,as-is,2035.9,2057.72,3941.0,3941.0,1,0
PHerc0332,5885,no-division,2040.9,2041.72,3941.0,3941.0,1,0
PHerc0332,6192,as-is,2070.17,2087.33,3941.0,3941.0,1,0
PHerc0332,6192,no-division,2084.17,2087.33,3941.0,3941.0,1,0
PHerc0332,6499,as-is,2077.26,2149.26,3941.0,3941.0,1,0
PHerc0332,6499,no-division,2066.26,2168.26,3941.0,3941.0,1,0
PHerc0332,6806,as-is,2138.31,2146.84,3941.0,3941.0,1,0
PHerc0332,6806,no-division,2142.31,2147.84,3941.0,3941.0,1,0
PHerc0332,7112,as-is,2181.77,2053.49,3941.0,3941.0,1,0
PHerc0332,7112,no-division,2145.77,2046.49,3941.0,3941.0,1,0
PHerc0332,7419,as-is,2196.78,1984.84,3941.0,3941.0,1,0
PHerc0332,7419,no-division,2196.78,1982.84,3941.0,3941.0,1,0
PHerc0332,7726,as-is,2220.5,1892.96,3941.0,3941.0,1,0
PHerc0332,7726,no-division,2228.5,1864.96,3941.0,3941.0,1,0
PHerc0343,1439,as-is,4828.88,3648.8,8595.0,8595.0,1,0
PHerc0343,1439,no-division,5670.88,1818.8,8595.0,8595.0,1,0
PHerc0343,2097,as-is,4980.42,4207.06,8595.0,8595.0,1,0
PHerc0343,2097,no-division,5073.42,3669.06,8595.0,8595.0,1,0
PHerc0343,2754,as-is,5172.31,3662.25,8595.0,8595.0,1,0
PHerc0343,2754,no-division,5196.31,3632.25,8595.0,8595.0,1,0
PHerc0343,3411,as-is,3710.08,4469.94,8595.0,8595.0,1,0
PHerc0343,3411,no-division,5350.08,3392.94,8595.0,8595.0,1,0
PHerc0343,4069,as-is,5233.61,4385.57,8595.0,8595.0,1,0
PHerc0343,4069,no-division,5349.61,3928.57,8595.0,8595.0,1,0
PHerc0343,4726,as-is,4725.67,4691.71,8595.0,8595.0,1,0
PHerc0343,4726,no-division,5380.67,4957.71,8595.0,8595.0,1,0
PHerc0343,5383,as-is,5008.8,4926.23,8595.0,8595.0,1,0
PHerc0343,5383,no-division,5149.8,5618.23,8595.0,8595.0,1,0
PHerc0343,6041,as-is,4687.94,874.35,8595.0,8595.0,1,0
PHerc0343,6041,no-division,5050.94,5714.35,8595.0,8595.0,1,0
PHerc0343,6698,as-is,144110.08,-1460653.02,8595.0,8595.0,0,1
PHerc0343,6698,no-division,5240.08,5541.98,8595.0,8595.0,1,0
PHerc0343,7355,as-is,325095.09,-3012372.96,8595.0,8595.0,0,1
PHerc0343,7355,no-division,4541.09,5295.04,8595.0,8595.0,1,0
PHerc0343,8013,as-is,3526.93,14176.55,8595.0,8595.0,0,0
PHerc0343,8013,no-division,4746.93,5562.55,8595.0,8595.0,1,0
PHerc0343,8670,as-is,4946.83,5094.55,8595.0,8595.0,1,0
PHerc0343,8670,no-division,4983.83,5091.55,8595.0,8595.0,1,0
PHerc0343,9327,as-is,5160.39,4729.54,8595.0,8595.0,1,0
PHerc0343,9327,no-division,5184.39,4694.54,8595.0,8595.0,1,0
PHerc0343,9984,as-is,5254.24,4426.25,8595.0,8595.0,1,0
PHerc0343,9984,no-division,5356.24,4386.25,8595.0,8595.0,1,0
PHerc0343,10642,as-is,5015.16,4067.66,8595.0,8595.0,1,0
PHerc0343,10642,no-division,5192.16,4136.66,8595.0,8595.0,1,0
PHerc0343,11299,as-is,4954.48,3721.32,8595.0,8595.0,1,0
PHerc0343,11299,no-division,4899.48,3707.32,8595.0,8595.0,1,0
PHerc0343,11956,as-is,5061.03,3685.1,8595.0,8595.0,1,0
PHerc0343,11956,no-division,4830.03,3648.1,8595.0,8595.0,1,0
PHerc0343,12614,as-is,4920.04,3645.6,8595.0,8595.0,1,0
PHerc0343,12614,no-division,4858.04,3642.6,8595.0,8595.0,1,0
PHerc0343,13271,as-is,4813.07,3558.38,8595.0,8595.0,1,0
PHerc0343,13271,no-division,4856.07,3519.38,8595.0,8595.0,1,0
PHerc0343,13928,as-is,4493.64,3749.97,8595.0,8595.0,1,0
PHerc0343,13928,no-division,4704.64,3587.97,8595.0,8595.0,1,0
PHerc0343,14586,as-is,4272.31,4005.03,8595.0,8595.0,1,0
PHerc0343,14586,no-division,4278.31,4008.03,8595.0,8595.0,1,0
PHerc0343,15243,as-is,3911.45,4929.48,8595.0,8595.0,1,0
PHerc0343,15243,no-division,3655.45,4178.48,8595.0,8595.0,1,0
PHerc0343,15900,as-is,3476.41,4606.66,8595.0,8595.0,1,0
PHerc0343,15900,no-division,3466.41,4609.66,8595.0,8595.0,1,0
PHerc0343,16558,as-is,95143.18,-65643.18,8595.0,8595.0,0,1
PHerc0343,16558,no-division,3118.18,4957.82,8595.0,8595.0,1,0
PHerc0358,1179,as-is,4060.52,2358.43,7783.0,7783.0,1,0
PHerc0358,1179,no-division,3750.52,3078.43,7783.0,7783.0,1,0
PHerc0358,1717,as-is,3708.93,3579.46,7783.0,7783.0,1,0
PHerc0358,1717,no-division,3731.93,3814.46,7783.0,7783.0,1,0
PHerc0358,2256,as-is,3600.0,3986.81,7783.0,7783.0,1,0
PHerc0358,2256,no-division,3626.0,4015.81,7783.0,7783.0,1,0
PHerc0358,2794,as-is,3620.46,3720.56,7783.0,7783.0,1,0
PHerc0358,2794,no-division,3826.46,4469.56,7783.0,7783.0,1,0
PHerc0358,3333,as-is,5730.97,2262.38,7783.0,7783.0,1,0
PHerc0358,3333,no-division,3581.97,4457.38,7783.0,7783.0,1,0
PHerc0358,3871,as-is,12198.92,-2555.54,7783.0,7783.0,0,0
PHerc0358,3871,no-division,3527.92,4142.46,7783.0,7783.0,1,0
PHerc0358,4410,as-is,13535.02,-3885.99,7783.0,7783.0,0,0
PHerc0358,4410,no-division,3613.02,3977.01,7783.0,7783.0,1,0
PHerc0358,4948,as-is,12897.08,-2717.61,7783.0,7783.0,0,0
PHerc0358,4948,no-division,3838.08,3800.39,7783.0,7783.0,1,0
PHerc0358,5487,as-is,30929.61,-18818.02,7783.0,7783.0,0,0
PHerc0358,5487,no-division,4500.61,4552.98,7783.0,7783.0,1,0
PHerc0358,6025,as-is,-8766.69,15244.56,7783.0,7783.0,0,0
PHerc0358,6025,no-division,4060.31,3220.56,7783.0,7783.0,1,0
PHerc0358,6564,as-is,-6445.74,14581.69,7783.0,7783.0,0,0
PHerc0358,6564,no-division,4491.26,3843.69,7783.0,7783.0,1,0
PHerc0358,7102,as-is,23214.73,-15820.26,7783.0,7783.0,0,0
PHerc0358,7102,no-division,4644.73,4192.74,7783.0,7783.0,1,0
PHerc0358,7641,as-is,12098.65,-3286.2,7783.0,7783.0,0,0
PHerc0358,7641,no-division,3903.65,3748.8,7783.0,7783.0,1,0
PHerc0358,8179,as-is,29465.75,-15587.02,7783.0,7783.0,0,0
PHerc0358,8179,no-division,4516.75,3513.98,7783.0,7783.0,1,0
PHerc0358,8718,as-is,3461.15,3969.98,7783.0,7783.0,1,0
PHerc0358,8718,no-division,3235.15,4074.98,7783.0,7783.0,1,0
PHerc0358,9256,as-is,2985.77,4021.76,7783.0,7783.0,1,0
PHerc0358,9256,no-division,3975.77,4223.76,7783.0,7783.0,1,0
PHerc0358,9795,as-is,3226.79,3855.22,7783.0,7783.0,1,0
PHerc0358,9795,no-division,3241.79,3846.22,7783.0,7783.0,1,0
PHerc0358,10333,as-is,2781.25,4041.33,7783.0,7783.0,1,0
PHerc0358,10333,no-division,2934.25,4258.33,7783.0,7783.0,1,0
PHerc0358,10872,as-is,2455.96,4279.86,7783.0,7783.0,1,0
PHerc0358,10872,no-division,2424.96,4450.86,7783.0,7783.0,1,0
PHerc0358,11410,as-is,2105.4,4418.39,7783.0,7783.0,1,0
PHerc0358,11410,no-division,2271.4,4435.39,7783.0,7783.0,1,0
PHerc0358,11949,as-is,2433.0,4268.78,7783.0,7783.0,1,0
PHerc0358,11949,no-division,2000.0,4005.78,7783.0,7783.0,1,0
PHerc0358,12487,as-is,3246.86,5403.52,7783.0,7783.0,1,0
PHerc0358,12487,no-division,2070.86,4515.52,7783.0,7783.0,1,0
PHerc0358,13026,as-is,7534.66,3372.43,7783.0,7783.0,1,0
PHerc0358,13026,no-division,2273.66,4577.43,7783.0,7783.0,1,0
PHerc0358,13564,as-is,6992.29,2601.55,7783.0,7783.0,1,0
PHerc0358,13564,no-division,2685.29,5434.55,7783.0,7783.0,1,0
PHerc0483A,1271,as-is,3161.39,7581.6,8849.0,8849.0,1,0
PHerc0483A,1271,no-division,3163.39,4718.6,8849.0,8849.0,1,0
PHerc0483A,1852,as-is,7194.43,81454.13,8849.0,8849.0,0,0
PHerc0483A,1852,no-division,3272.43,5000.13,8849.0,8849.0,1,0
PHerc0483A,2433,as-is,4749.46,-54309.37,8849.0,8849.0,0,0
PHerc0483A,2433,no-division,3133.46,4833.63,8849.0,8849.0,1,0
PHerc0483A,3013,as-is,3035.65,8634.34,8849.0,8849.0,1,0
PHerc0483A,3013,no-division,3202.65,4662.34,8849.0,8849.0,1,0
PHerc0483A,3594,as-is,3393.26,13663.2,8849.0,8849.0,0,0
PHerc0483A,3594,no-division,2791.26,4434.2,8849.0,8849.0,1,0
PHerc0483A,4174,as-is,4592.92,-7197.94,8849.0,8849.0,0,0
PHerc0483A,4174,no-division,3155.92,4540.06,8849.0,8849.0,1,0
PHerc0483A,4755,as-is,4297.9,-3297.14,8849.0,8849.0,0,0
PHerc0483A,4755,no-division,3317.9,4252.86,8849.0,8849.0,1,0
PHerc0483A,5336,as-is,4002.49,-2613.81,8849.0,8849.0,0,0
PHerc0483A,5336,no-division,3658.49,4293.19,8849.0,8849.0,1,0
PHerc0483A,5916,as-is,4421.72,-3324.12,8849.0,8849.0,0,0
PHerc0483A,5916,no-division,3915.72,4641.88,8849.0,8849.0,1,0
PHerc0483A,6497,as-is,4257.1,-64.35,8849.0,8849.0,0,0
PHerc0483A,6497,no-division,3991.1,4632.65,8849.0,8849.0,1,0
PHerc0483A,7078,as-is,4081.18,-1195.94,8849.0,8849.0,0,0
PHerc0483A,7078,no-division,4141.18,4563.06,8849.0,8849.0,1,0
PHerc0483A,7658,as-is,3234.11,-21112.31,8849.0,8849.0,0,0
PHerc0483A,7658,no-division,4244.11,4352.69,8849.0,8849.0,1,0
PHerc0483A,8239,as-is,3529.04,40133.85,8849.0,8849.0,0,0
PHerc0483A,8239,no-division,4098.04,4328.85,8849.0,8849.0,1,0
PHerc0483A,8819,as-is,4089.24,11342.27,8849.0,8849.0,0,0
PHerc0483A,8819,no-division,4417.24,4321.27,8849.0,8849.0,1,0
PHerc0483A,9400,as-is,3900.85,11248.94,8849.0,8849.0,0,0
PHerc0483A,9400,no-division,5102.85,4111.94,8849.0,8849.0,1,0
PHerc0483A,9981,as-is,3932.83,14871.44,8849.0,8849.0,0,0
PHerc0483A,9981,no-division,4831.83,3989.44,8849.0,8849.0,1,0
PHerc0483A,10561,as-is,4646.01,4931.56,8849.0,8849.0,1,0
PHerc0483A,10561,no-division,5012.01,4504.56,8849.0,8849.0,1,0
PHerc0483A,11142,as-is,5071.48,5272.0,8849.0,8849.0,1,0
PHerc0483A,11142,no-division,5212.48,5375.0,8849.0,8849.0,1,0
PHerc0483A,11723,as-is,3352.83,4159.8,8849.0,8849.0,1,0
PHerc0483A,11723,no-division,4997.83,5607.8,8849.0,8849.0,1,0
PHerc0483A,12303,as-is,3639.26,1051.08,8849.0,8849.0,1,0
PHerc0483A,12303,no-division,3746.26,5364.08,8849.0,8849.0,1,0
PHerc0483A,12884,as-is,3882.88,607.19,8849.0,8849.0,1,0
PHerc0483A,12884,no-division,3464.88,6148.19,8849.0,8849.0,1,0
PHerc0483A,13464,as-is,4086.99,4819.42,8849.0,8849.0,1,0
PHerc0483A,13464,no-division,4034.99,5408.42,8849.0,8849.0,1,0
PHerc0483A,14045,as-is,4268.09,2268.4,8849.0,8849.0,1,0
PHerc0483A,14045,no-division,5004.09,5860.4,8849.0,8849.0,1,0
PHerc0483A,14626,as-is,4731.74,4828.75,8849.0,8849.0,1,0
PHerc0483A,14626,no-division,3915.74,5386.75,8849.0,8849.0,1,0
PHerc0483B,950,as-is,6497.43,145519.67,8343.0,8343.0,0,0
PHerc0483B,950,no-division,5590.43,4202.67,8343.0,8343.0,1,0
PHerc0483B,1384,as-is,3986.97,3466.13,8343.0,8343.0,1,0
PHerc0483B,1384,no-division,3128.97,3739.13,8343.0,8343.0,1,0
PHerc0483B,1818,as-is,4666.08,3934.22,8343.0,8343.0,1,0
PHerc0483B,1818,no-division,4037.08,3961.22,8343.0,8343.0,1,0
PHerc0483B,2252,as-is,4869.47,4122.19,8343.0,8343.0,1,0
PHerc0483B,2252,no-division,4269.47,4137.19,8343.0,8343.0,1,0
PHerc0483B,2685,as-is,4954.42,2648.44,8343.0,8343.0,1,0
PHerc0483B,2685,no-division,4440.42,4489.44,8343.0,8343.0,1,0
PHerc0483B,3119,as-is,5420.22,2675.93,8343.0,8343.0,1,0
PHerc0483B,3119,no-division,4292.22,4724.93,8343.0,8343.0,1,0
PHerc0483B,3553,as-is,5637.31,2561.05,8343.0,8343.0,1,0
PHerc0483B,3553,no-division,3864.31,4718.05,8343.0,8343.0,1,0
PHerc0483B,3987,as-is,4409.43,4392.76,8343.0,8343.0,1,0
PHerc0483B,3987,no-division,3921.43,4475.76,8343.0,8343.0,1,0
PHerc0483B,4421,as-is,6406.55,-8097.29,8343.0,8343.0,0,0
PHerc0483B,4421,no-division,3647.55,5290.71,8343.0,8343.0,1,0
PHerc0483B,4855,as-is,4652.08,3728.69,8343.0,8343.0,1,0
PHerc0483B,4855,no-division,3441.08,4837.69,8343.0,8343.0,1,0
PHerc0483B,5289,as-is,3963.79,4618.99,8343.0,8343.0,1,0
PHerc0483B,5289,no-division,4055.79,4263.99,8343.0,8343.0,1,0
PHerc0483B,5723,as-is,4061.71,4067.24,8343.0,8343.0,1,0
PHerc0483B,5723,no-division,4306.71,4024.24,8343.0,8343.0,1,0
PHerc0483B,6156,as-is,3379.44,4318.19,8343.0,8343.0,1,0
PHerc0483B,6156,no-division,4132.44,3373.19,8343.0,8343.0,1,0
PHerc0483B,6590,as-is,7480.87,16717.84,8343.0,8343.0,0,0
PHerc0483B,6590,no-division,4255.87,3337.84,8343.0,8343.0,1,0
PHerc0483B,7024,as-is,3153.61,4612.99,8343.0,8343.0,1,0
PHerc0483B,7024,no-division,4460.61,3395.99,8343.0,8343.0,1,0
PHerc0483B,7458,as-is,4442.79,4034.25,8343.0,8343.0,1,0
PHerc0483B,7458,no-division,5071.79,3399.25,8343.0,8343.0,1,0
PHerc0483B,7892,as-is,3814.26,4196.85,8343.0,8343.0,1,0
PHerc0483B,7892,no-division,5299.26,3731.85,8343.0,8343.0,1,0
PHerc0483B,8326,as-is,3781.79,3853.44,8343.0,8343.0,1,0
PHerc0483B,8326,no-division,5289.79,3539.44,8343.0,8343.0,1,0
PHerc0483B,8760,as-is,3866.84,4095.46,8343.0,8343.0,1,0
PHerc0483B,8760,no-division,4182.84,4715.46,8343.0,8343.0,1,0
PHerc0483B,9194,as-is,3941.4,3928.32,8343.0,8343.0,1,0
PHerc0483B,9194,no-division,4714.4,4120.32,8343.0,8343.0,1,0
PHerc0483B,9627,as-is,4970.62,3539.53,8343.0,8343.0,1,0
PHerc0483B,9627,no-division,5402.62,4088.53,8343.0,8343.0,1,0
PHerc0483B,10061,as-is,3448.11,2797.79,8343.0,8343.0,1,0
PHerc0483B,10061,no-division,5029.11,4620.79,8343.0,8343.0,1,0
PHerc0483B,10495,as-is,3300.23,2544.55,8343.0,8343.0,1,0
PHerc0483B,10495,no-division,4671.23,4835.55,8343.0,8343.0,1,0
PHerc0483B,10929,as-is,3690.15,3003.38,8343.0,8343.0,1,0
PHerc0483B,10929,no-division,3434.15,3647.38,8343.0,8343.0,1,0
PHerc0490A,935,as-is,5739.01,17374.31,9101.0,9101.0,0,0
PHerc0490A,935,no-division,4876.01,3902.31,9101.0,9101.0,1,0
PHerc0490A,1363,as-is,3250.93,4680.12,9101.0,9101.0,1,0
PHerc0490A,1363,no-division,3206.93,4886.12,9101.0,9101.0,1,0
PHerc0490A,1790,as-is,2193.28,5756.66,9101.0,9101.0,1,0
PHerc0490A,1790,no-division,1574.28,5180.66,9101.0,9101.0,1,0
PHerc0490A,2217,as-is,7496.34,13941.32,9101.0,9101.0,0,0
PHerc0490A,2217,no-division,3912.34,3515.32,9101.0,9101.0,1,0
PHerc0490A,2644,as-is,5961.81,37353.6,9101.0,9101.0,0,0
PHerc0490A,2644,no-division,3708.81,3873.6,9101.0,9101.0,1,0
PHerc0490A,3071,as-is,5450.4,13816.44,9101.0,9101.0,0,0
PHerc0490A,3071,no-division,4939.4,4253.44,9101.0,9101.0,1,0
PHerc0490A,3499,as-is,4944.32,4703.74,9101.0,9101.0,1,0
PHerc0490A,3499,no-division,4555.32,4365.74,9101.0,9101.0,1,0
PHerc0490A,3926,as-is,4502.65,18715.34,9101.0,9101.0,0,0
PHerc0490A,3926,no-division,5523.65,4083.34,9101.0,9101.0,1,0
PHerc0490A,4353,as-is,4018.36,4561.05,9101.0,9101.0,1,0
PHerc0490A,4353,no-division,3962.36,3958.05,9101.0,9101.0,1,0
PHerc0490A,4780,as-is,4227.32,4118.98,9101.0,9101.0,1,0
PHerc0490A,4780,no-division,3735.32,4474.98,9101.0,9101.0,1,0
PHerc0490A,5208,as-is,3545.98,4326.34,9101.0,9101.0,1,0
PHerc0490A,5208,no-division,3463.98,4349.34,9101.0,9101.0,1,0
PHerc0490A,5635,as-is,3548.49,3907.82,9101.0,9101.0,1,0
PHerc0490A,5635,no-division,3284.49,4028.82,9101.0,9101.0,1,0
PHerc0490A,6062,as-is,3840.52,3849.34,9101.0,9101.0,1,0
PHerc0490A,6062,no-division,3609.52,3721.34,9101.0,9101.0,1,0
PHerc0490A,6489,as-is,3489.22,4149.36,9101.0,9101.0,1,0
PHerc0490A,6489,no-division,3212.22,4192.36,9101.0,9101.0,1,0
PHerc0490A,6917,as-is,3385.01,4306.93,9101.0,9101.0,1,0
PHerc0490A,6917,no-division,3036.01,4108.93,9101.0,9101.0,1,0
PHerc0490A,7344,as-is,3924.83,4454.56,9101.0,9101.0,1,0
PHerc0490A,7344,no-division,4009.83,4200.56,9101.0,9101.0,1,0
PHerc0490A,7771,as-is,4375.39,5506.99,9101.0,9101.0,1,0
PHerc0490A,7771,no-division,4461.39,5585.99,9101.0,9101.0,1,0
PHerc0490A,8198,as-is,4417.17,5959.1,9101.0,9101.0,1,0
PHerc0490A,8198,no-division,4531.17,6092.1,9101.0,9101.0,1,0
PHerc0490A,8626,as-is,4428.27,5819.07,9101.0,9101.0,1,0
PHerc0490A,8626,no-division,4281.27,6167.07,9101.0,9101.0,1,0
PHerc0490A,9053,as-is,4750.22,5455.86,9101.0,9101.0,1,0
PHerc0490A,9053,no-division,4313.22,6182.86,9101.0,9101.0,1,0
PHerc0490A,9480,as-is,4425.09,6018.09,9101.0,9101.0,1,0
PHerc0490A,9480,no-division,4426.09,6007.09,9101.0,9101.0,1,0
PHerc0490A,9907,as-is,4329.48,5749.55,9101.0,9101.0,1,0
PHerc0490A,9907,no-division,4109.48,5750.55,9101.0,9101.0,1,0
PHerc0490A,10334,as-is,4253.67,5462.6,9101.0,9101.0,1,0
PHerc0490A,10334,no-division,3304.67,5666.6,9101.0,9101.0,1,0
PHerc0490A,10762,as-is,7135.22,3189.39,9101.0,9101.0,1,0
PHerc0490A,10762,no-division,2546.22,4060.39,9101.0,9101.0,1,0
PHerc0490B,851,as-is,-1856.25,42722.42,8343.0,8343.0,0,0
PHerc0490B,851,no-division,5868.75,2430.42,8343.0,8343.0,1,0
PHerc0490B,1240,as-is,-1041.47,-29972.6,8343.0,8343.0,0,0
PHerc0490B,1240,no-division,4831.53,4069.4,8343.0,8343.0,1,0
PHerc0490B,1629,as-is,28359.0,133053.21,8343.0,8343.0,0,1
PHerc0490B,1629,no-division,5177.0,3602.21,8343.0,8343.0,1,0
PHerc0490B,2018,as-is,4218.13,-1396.29,8343.0,8343.0,0,0
PHerc0490B,2018,no-division,5331.13,3220.71,8343.0,8343.0,1,0
PHerc0490B,2407,as-is,3735.75,-10081.03,8343.0,8343.0,0,0
PHerc0490B,2407,no-division,4744.75,3756.97,8343.0,8343.0,1,0
PHerc0490B,2796,as-is,3122.62,-17753.02,8343.0,8343.0,0,0
PHerc0490B,2796,no-division,4258.62,4499.98,8343.0,8343.0,1,0
PHerc0490B,3185,as-is,4546.58,-17049.1,8343.0,8343.0,0,0
PHerc0490B,3185,no-division,4341.58,4210.9,8343.0,8343.0,1,0
PHerc0490B,3574,as-is,4462.99,-38943.32,8343.0,8343.0,0,0
PHerc0490B,3574,no-division,3677.99,4319.68,8343.0,8343.0,1,0
PHerc0490B,3962,as-is,5091.89,-41836.67,8343.0,8343.0,0,0
PHerc0490B,3962,no-division,3321.89,4748.33,8343.0,8343.0,1,0
PHerc0490B,4351,as-is,5552.62,-27802.84,8343.0,8343.0,0,0
PHerc0490B,4351,no-division,4706.62,4654.16,8343.0,8343.0,1,0
PHerc0490B,4740,as-is,99590.08,-2346963.73,8343.0,8343.0,0,1
PHerc0490B,4740,no-division,4359.08,4250.27,8343.0,8343.0,1,0
PHerc0490B,5129,as-is,716.26,-2171816.15,8343.0,8343.0,0,1
PHerc0490B,5129,no-division,4373.26,4112.85,8343.0,8343.0,1,0
PHerc0490B,5518,as-is,4352.75,31374.54,8343.0,8343.0,0,0
PHerc0490B,5518,no-division,4205.75,4101.54,8343.0,8343.0,1,0
PHerc0490B,5907,as-is,4659.74,19905.65,8343.0,8343.0,0,0
PHerc0490B,5907,no-division,4957.74,4138.65,8343.0,8343.0,1,0
PHerc0490B,6296,as-is,4244.75,14089.58,8343.0,8343.0,0,0
PHerc0490B,6296,no-division,4778.75,3962.58,8343.0,8343.0,1,0
PHerc0490B,6685,as-is,4514.81,11953.91,8343.0,8343.0,0,0
PHerc0490B,6685,no-division,3372.81,5299.91,8343.0,8343.0,1,0
PHerc0490B,7073,as-is,3886.03,11261.14,8343.0,8343.0,0,0
PHerc0490B,7073,no-division,3433.03,5002.14,8343.0,8343.0,1,0
PHerc0490B,7462,as-is,3686.69,12307.56,8343.0,8343.0,0,0
PHerc0490B,7462,no-division,4619.69,4171.56,8343.0,8343.0,1,0
PHerc0490B,7851,as-is,3531.66,10291.21,8343.0,8343.0,0,0
PHerc0490B,7851,no-division,4014.66,3162.21,8343.0,8343.0,1,0
PHerc0490B,8240,as-is,3401.02,10942.16,8343.0,8343.0,0,0
PHerc0490B,8240,no-division,4637.02,4562.16,8343.0,8343.0,1,0
PHerc0490B,8629,as-is,3406.58,9928.33,8343.0,8343.0,0,0
PHerc0490B,8629,no-division,4451.58,4357.33,8343.0,8343.0,1,0
PHerc0490B,9018,as-is,3715.73,8039.31,8343.0,8343.0,1,0
PHerc0490B,9018,no-division,5103.73,3687.31,8343.0,8343.0,1,0
PHerc0490B,9407,as-is,-211651.77,-658504.34,8343.0,8343.0,0,1
PHerc0490B,9407,no-division,3330.23,5465.66,8343.0,8343.0,1,0
PHerc0490B,9796,as-is,851.67,10360.42,8343.0,8343.0,0,0
PHerc0490B,9796,no-division,3845.67,4846.42,8343.0,8343.0,1,0
PHerc0800,1943,as-is,2245.79,7615.97,9867.0,9867.0,1,0
PHerc0800,1943,no-division,5483.79,4044.97,9867.0,9867.0,1,0
PHerc0800,2831,as-is,4471.46,5115.42,9867.0,9867.0,1,0
PHerc0800,2831,no-division,4957.46,4144.42,9867.0,9867.0,1,0
PHerc0800,3718,as-is,4718.63,4336.56,9867.0,9867.0,1,0
PHerc0800,3718,no-division,5482.63,4107.56,9867.0,9867.0,1,0
PHerc0800,4606,as-is,5802.35,3931.41,9867.0,9867.0,1,0
PHerc0800,4606,no-division,5907.35,3905.41,9867.0,9867.0,1,0
PHerc0800,5493,as-is,6453.25,3552.52,9867.0,9867.0,1,0
PHerc0800,5493,no-division,6457.25,3564.52,9867.0,9867.0,1,0
PHerc0800,6380,as-is,6192.38,3745.79,9867.0,9867.0,1,0
PHerc0800,6380,no-division,6235.38,4211.79,9867.0,9867.0,1,0
PHerc0800,7268,as-is,5952.61,3975.57,9867.0,9867.0,1,0
PHerc0800,7268,no-division,6132.61,4111.57,9867.0,9867.0,1,0
PHerc0800,8155,as-is,5681.59,4675.85,9867.0,9867.0,1,0
PHerc0800,8155,no-division,5322.59,4690.85,9867.0,9867.0,1,0
PHerc0800,9043,as-is,5202.61,4891.21,9867.0,9867.0,1,0
PHerc0800,9043,no-division,5041.61,4649.21,9867.0,9867.0,1,0
PHerc0800,9930,as-is,9359.65,2660.8,9867.0,9867.0,1,0
PHerc0800,9930,no-division,4665.65,5138.8,9867.0,9867.0,1,0
PHerc0800,10817,as-is,9106.52,2833.61,9867.0,9867.0,1,0
PHerc0800,10817,no-division,4339.52,5006.61,9867.0,9867.0,1,0
PHerc0800,11705,as-is,9317.85,2767.96,9867.0,9867.0,1,0
PHerc0800,11705,no-division,4113.85,5142.96,9867.0,9867.0,1,0
PHerc0800,12592,as-is,9056.47,2753.06,9867.0,9867.0,1,0
PHerc0800,12592,no-division,3953.47,5378.06,9867.0,9867.0,1,0
PHerc0800,13480,as-is,23329.64,-3134.76,9867.0,9867.0,0,0
PHerc0800,13480,no-division,3496.64,5186.24,9867.0,9867.0,1,0
PHerc0800,14367,as-is,645128.01,-321631.98,9867.0,9867.0,0,1
PHerc0800,14367,no-division,3832.01,5443.02,9867.0,9867.0,1,0
PHerc0800,15254,as-is,12211.84,260.19,9867.0,9867.0,0,0
PHerc0800,15254,no-division,3583.84,6081.19,9867.0,9867.0,1,0
PHerc0800,16142,as-is,-569.6,8535.9,9867.0,9867.0,0,0
PHerc0800,16142,no-division,3302.4,5828.9,9867.0,9867.0,1,0
PHerc0800,17029,as-is,3700.27,5593.48,9867.0,9867.0,1,0
PHerc0800,17029,no-division,3839.27,5709.48,9867.0,9867.0,1,0
PHerc0800,17917,as-is,5032.44,5385.2,9867.0,9867.0,1,0
PHerc0800,17917,no-division,3947.44,5559.2,9867.0,9867.0,1,0
PHerc0800,18804,as-is,5514.2,5362.49,9867.0,9867.0,1,0
PHerc0800,18804,no-division,5665.2,5378.49,9867.0,9867.0,1,0
PHerc0800,19691,as-is,5704.9,5181.45,9867.0,9867.0,1,0
PHerc0800,19691,no-division,5695.9,5211.45,9867.0,9867.0,1,0
PHerc0800,20579,as-is,5681.0,5034.09,9867.0,9867.0,1,0
PHerc0800,20579,no-division,5677.0,5026.09,9867.0,9867.0,1,0
PHerc0800,21466,as-is,5563.08,4768.16,9867.0,9867.0,1,0
PHerc0800,21466,no-division,5512.08,5511.16,9867.0,9867.0,1,0
PHerc0800,22354,as-is,8624.81,1872.61,9867.0,9867.0,1,0
PHerc0800,22354,no-division,4400.81,6383.61,9867.0,9867.0,1,0
PHerc0813,1359,as-is,3407.79,5000.52,7947.0,7947.0,1,0
PHerc0813,1359,no-division,7176.79,397.52,7947.0,7947.0,1,0
PHerc0813,1980,as-is,3417.99,2140.24,7947.0,7947.0,1,0
PHerc0813,1980,no-division,3864.99,2456.24,7947.0,7947.0,1,0
PHerc0813,2600,as-is,2802.7,3499.88,7947.0,7947.0,1,0
PHerc0813,2600,no-division,3026.7,3622.88,7947.0,7947.0,1,0
PHerc0813,3221,as-is,3368.5,3453.64,7947.0,7947.0,1,0
PHerc0813,3221,no-division,3361.5,3453.64,7947.0,7947.0,1,0
PHerc0813,3841,as-is,3252.14,3398.34,7947.0,7947.0,1,0
PHerc0813,3841,no-division,3246.14,3411.34,7947.0,7947.0,1,0
PHerc0813,4462,as-is,3439.55,3397.17,7947.0,7947.0,1,0
PHerc0813,4462,no-division,3450.55,3431.17,7947.0,7947.0,1,0
PHerc0813,5083,as-is,4107.65,4965.56,7947.0,7947.0,1,0
PHerc0813,5083,no-division,4033.65,4782.56,7947.0,7947.0,1,0
PHerc0813,5703,as-is,3989.91,4763.63,7947.0,7947.0,1,0
PHerc0813,5703,no-division,4055.91,4675.63,7947.0,7947.0,1,0
PHerc0813,6324,as-is,4220.77,4626.88,7947.0,7947.0,1,0
PHerc0813,6324,no-division,4887.77,4383.88,7947.0,7947.0,1,0
PHerc0813,6944,as-is,2621.24,77.11,7947.0,7947.0,1,0
PHerc0813,6944,no-division,4674.24,5052.11,7947.0,7947.0,1,0
PHerc0813,7565,as-is,2873.99,-1161.64,7947.0,7947.0,0,0
PHerc0813,7565,no-division,4971.99,5356.36,7947.0,7947.0,1,0
PHerc0813,8186,as-is,5495.24,4493.26,7947.0,7947.0,1,0
PHerc0813,8186,no-division,5647.24,4563.26,7947.0,7947.0,1,0
PHerc0813,8806,as-is,4884.61,3638.35,7947.0,7947.0,1,0
PHerc0813,8806,no-division,4991.61,3960.35,7947.0,7947.0,1,0
PHerc0813,9427,as-is,4232.36,3998.48,7947.0,7947.0,1,0
PHerc0813,9427,no-division,4636.36,3616.48,7947.0,7947.0,1,0
PHerc0813,10048,as-is,4544.34,4031.94,7947.0,7947.0,1,0
PHerc0813,10048,no-division,4673.34,3828.94,7947.0,7947.0,1,0
PHerc0813,10668,as-is,4460.3,3695.03,7947.0,7947.0,1,0
PHerc0813,10668,no-division,3709.3,3530.03,7947.0,7947.0,1,0
PHerc0813,11289,as-is,3801.37,3345.29,7947.0,7947.0,1,0
PHerc0813,11289,no-division,3562.37,3642.29,7947.0,7947.0,1,0
PHerc0813,11909,as-is,3386.92,3578.06,7947.0,7947.0,1,0
PHerc0813,11909,no-division,3389.92,3585.06,7947.0,7947.0,1,0
PHerc0813,12530,as-is,3432.34,3658.54,7947.0,7947.0,1,0
PHerc0813,12530,no-division,3436.34,3700.54,7947.0,7947.0,1,0
PHerc0813,13151,as-is,3325.55,3535.01,7947.0,7947.0,1,0
PHerc0813,13151,no-division,3327.55,3826.01,7947.0,7947.0,1,0
PHerc0813,13771,as-is,3193.16,3913.41,7947.0,7947.0,1,0
PHerc0813,13771,no-division,3200.16,3925.41,7947.0,7947.0,1,0
PHerc0813,14392,as-is,2709.3,3722.32,7947.0,7947.0,1,0
PHerc0813,14392,no-division,2963.3,3864.32,7947.0,7947.0,1,0
PHerc0813,15012,as-is,2975.7,3344.14,7947.0,7947.0,1,0
PHerc0813,15012,no-division,2427.7,3535.14,7947.0,7947.0,1,0
PHerc0813,15633,as-is,2326.39,3245.94,7947.0,7947.0,1,0
PHerc0813,15633,no-division,2522.39,3178.94,7947.0,7947.0,1,0
PHerc0826,1353,as-is,4372.9,13380.32,8169.0,8169.0,0,0
PHerc0826,1353,no-division,4895.9,3918.32,8169.0,8169.0,1,0
PHerc0826,1971,as-is,4932.06,-2835.46,8169.0,8169.0,0,0
PHerc0826,1971,no-division,5309.06,4472.54,8169.0,8169.0,1,0
PHerc0826,2589,as-is,5719.6,-3630.4,8169.0,8169.0,0,0
PHerc0826,2589,no-division,5226.6,4168.6,8169.0,8169.0,1,0
PHerc0826,3207,as-is,2440.13,9311.53,8169.0,8169.0,0,0
PHerc0826,3207,no-division,5011.13,3714.53,8169.0,8169.0,1,0
PHerc0826,3825,as-is,2334.58,7546.22,8169.0,8169.0,1,0
PHerc0826,3825,no-division,4967.58,3443.22,8169.0,8169.0,1,0
PHerc0826,4443,as-is,2128.65,9056.39,8169.0,8169.0,0,0
PHerc0826,4443,no-division,4649.65,3649.39,8169.0,8169.0,1,0
PHerc0826,5061,as-is,4651.95,4023.97,8169.0,8169.0,1,0
PHerc0826,5061,no-division,4658.95,4024.97,8169.0,8169.0,1,0
PHerc0826,5679,as-is,4758.79,-574.85,8169.0,8169.0,0,0
PHerc0826,5679,no-division,5038.79,4380.15,8169.0,8169.0,1,0
PHerc0826,6297,as-is,3783.02,-3465.16,8169.0,8169.0,0,0
PHerc0826,6297,no-division,3344.02,3733.84,8169.0,8169.0,1,0
PHerc0826,6915,as-is,3371.9,-3010.88,8169.0,8169.0,0,0
PHerc0826,6915,no-division,3402.9,4236.12,8169.0,8169.0,1,0
PHerc0826,7533,as-is,3772.37,-5147.2,8169.0,8169.0,0,0
PHerc0826,7533,no-division,3259.37,4407.8,8169.0,8169.0,1,0
PHerc0826,8151,as-is,3210.7,53.44,8169.0,8169.0,1,0
PHerc0826,8151,no-division,2903.7,4367.44,8169.0,8169.0,1,0
PHerc0826,8768,as-is,3380.39,683.27,8169.0,8169.0,1,0
PHerc0826,8768,no-division,2779.39,4590.27,8169.0,8169.0,1,0
PHerc0826,9386,as-is,4313.46,1804.84,8169.0,8169.0,1,0
PHerc0826,9386,no-division,3174.46,4832.84,8169.0,8169.0,1,0
PHerc0826,10004,as-is,4319.1,1261.55,8169.0,8169.0,1,0
PHerc0826,10004,no-division,2962.1,4624.55,8169.0,8169.0,1,0
PHerc0826,10622,as-is,4321.46,849.42,8169.0,8169.0,1,0
PHerc0826,10622,no-division,2813.46,5076.42,8169.0,8169.0,1,0
PHerc0826,11240,as-is,4455.52,1357.72,8169.0,8169.0,1,0
PHerc0826,11240,no-division,3047.52,4765.72,8169.0,8169.0,1,0
PHerc0826,11858,as-is,4386.66,-137.88,8169.0,8169.0,0,0
PHerc0826,11858,no-division,3903.66,4722.12,8169.0,8169.0,1,0
PHerc0826,12476,as-is,4680.03,-1241.49,8169.0,8169.0,0,0
PHerc0826,12476,no-division,4772.03,5102.51,8169.0,8169.0,1,0
PHerc0826,13094,as-is,4661.4,-1432.34,8169.0,8169.0,0,0
PHerc0826,13094,no-division,4852.4,4506.66,8169.0,8169.0,1,0
PHerc0826,13712,as-is,4841.48,-2810.51,8169.0,8169.0,0,0
PHerc0826,13712,no-division,4995.48,4319.49,8169.0,8169.0,1,0
PHerc0826,14330,as-is,4565.62,-3647.79,8169.0,8169.0,0,0
PHerc0826,14330,no-division,4962.62,4257.21,8169.0,8169.0,1,0
PHerc0826,14948,as-is,4874.05,-8557.21,8169.0,8169.0,0,0
PHerc0826,14948,no-division,5078.05,4095.79,8169.0,8169.0,1,0
PHerc0826,15566,as-is,6958.68,-22776.84,8169.0,8169.0,0,0
PHerc0826,15566,no-division,4648.68,3699.16,8169.0,8169.0,1,0
PHerc0846A,1121,as-is,5259.14,947.7,7726.0,7726.0,1,0
PHerc0846A,1121,no-division,3927.14,3436.7,7726.0,7726.0,1,0
PHerc0846A,1633,as-is,-50064.54,-2639850.34,7726.0,7726.0,0,1
PHerc0846A,1633,no-division,2677.46,5206.66,7726.0,7726.0,1,0
PHerc0846A,2145,as-is,3461.53,3233.53,7726.0,7726.0,1,0
PHerc0846A,2145,no-division,3930.53,3923.53,7726.0,7726.0,1,0
PHerc0846A,2657,as-is,3632.99,3888.55,7726.0,7726.0,1,0
PHerc0846A,2657,no-division,3668.99,3909.55,7726.0,7726.0,1,0
PHerc0846A,3169,as-is,3696.6,3881.87,7726.0,7726.0,1,0
PHerc0846A,3169,no-division,3749.6,3881.87,7726.0,7726.0,1,0
PHerc0846A,3681,as-is,3528.28,3908.39,7726.0,7726.0,1,0
PHerc0846A,3681,no-division,3585.28,3886.39,7726.0,7726.0,1,0
PHerc0846A,4193,as-is,3870.66,3811.39,7726.0,7726.0,1,0
PHerc0846A,4193,no-division,3968.66,3799.39,7726.0,7726.0,1,0
PHerc0846A,4705,as-is,7340.18,22180.08,7726.0,7726.0,0,0
PHerc0846A,4705,no-division,3585.18,4012.08,7726.0,7726.0,1,0
PHerc0846A,5217,as-is,-13460.59,-85130.09,7726.0,7726.0,0,0
PHerc0846A,5217,no-division,3247.41,4068.91,7726.0,7726.0,1,0
PHerc0846A,5729,as-is,5755.78,14594.98,7726.0,7726.0,0,0
PHerc0846A,5729,no-division,3952.78,4303.98,7726.0,7726.0,1,0
PHerc0846A,6241,as-is,4646.78,10102.34,7726.0,7726.0,0,0
PHerc0846A,6241,no-division,3692.78,4238.34,7726.0,7726.0,1,0
PHerc0846A,6753,as-is,7665.25,21482.4,7726.0,7726.0,0,0
PHerc0846A,6753,no-division,3770.25,4235.4,7726.0,7726.0,1,0
PHerc0846A,7265,as-is,8508.33,33009.98,7726.0,7726.0,0,0
PHerc0846A,7265,no-division,3600.33,4366.98,7726.0,7726.0,1,0
PHerc0846A,7777,as-is,8009.64,37638.16,7726.0,7726.0,0,0
PHerc0846A,7777,no-division,4618.64,3840.16,7726.0,7726.0,1,0
PHerc0846A,8289,as-is,4707.54,15794.03,7726.0,7726.0,0,0
PHerc0846A,8289,no-division,3229.54,3772.03,7726.0,7726.0,1,0
PHerc0846A,8801,as-is,3898.71,11081.54,7726.0,7726.0,0,0
PHerc0846A,8801,no-division,4587.71,3630.54,7726.0,7726.0,1,0
PHerc0846A,9313,as-is,4157.07,12419.73,7726.0,7726.0,0,0
PHerc0846A,9313,no-division,4364.07,3701.73,7726.0,7726.0,1,0
PHerc0846A,9825,as-is,4363.01,12766.97,7726.0,7726.0,0,0
PHerc0846A,9825,no-division,4258.01,3731.97,7726.0,7726.0,1,0
PHerc0846A,10337,as-is,4741.94,18316.04,7726.0,7726.0,0,0
PHerc0846A,10337,no-division,2743.94,3649.04,7726.0,7726.0,1,0
PHerc0846A,10849,as-is,1319.45,-44882.56,7726.0,7726.0,0,0
PHerc0846A,10849,no-division,3338.45,3510.44,7726.0,7726.0,1,0
PHerc0846A,11361,as-is,-6797.77,-117762.65,7726.0,7726.0,0,0
PHerc0846A,11361,no-division,4080.23,3635.35,7726.0,7726.0,1,0
PHerc0846A,11873,as-is,-1147.77,-40982.43,7726.0,7726.0,0,0
PHerc0846A,11873,no-division,3997.23,3594.57,7726.0,7726.0,1,0
PHerc0846A,12385,as-is,1751.58,-21222.81,7726.0,7726.0,0,0
PHerc0846A,12385,no-division,4573.58,3461.19,7726.0,7726.0,1,0
PHerc0846A,12897,as-is,2922.56,-10958.39,7726.0,7726.0,0,0
PHerc0846A,12897,no-division,4647.56,3576.61,7726.0,7726.0,1,0
PHerc0846B,1114,as-is,-634.31,-92677.16,7859.0,7859.0,0,0
PHerc0846B,1114,no-division,1893.69,4842.84,7859.0,7859.0,1,0
PHerc0846B,1622,as-is,2502.71,-52.36,7859.0,7859.0,0,0
PHerc0846B,1622,no-division,3073.71,4254.64,7859.0,7859.0,1,0
PHerc0846B,2131,as-is,2169.98,-1716.98,7859.0,7859.0,0,0
PHerc0846B,2131,no-division,4196.98,4592.02,7859.0,7859.0,1,0
PHerc0846B,2639,as-is,1665.33,-4557.58,7859.0,7859.0,0,0
PHerc0846B,2639,no-division,3242.33,4263.42,7859.0,7859.0,1,0
PHerc0846B,3148,as-is,-43487.96,-201242.12,7859.0,7859.0,0,1
PHerc0846B,3148,no-division,4966.04,4227.88,7859.0,7859.0,1,0
PHerc0846B,3657,as-is,-27352.37,-156216.08,7859.0,7859.0,0,1
PHerc0846B,3657,no-division,3927.63,4212.92,7859.0,7859.0,1,0
PHerc0846B,4165,as-is,-176545.96,-1218480.93,7859.0,7859.0,0,1
PHerc0846B,4165,no-division,2181.04,4073.07,7859.0,7859.0,1,0
PHerc0846B,4674,as-is,612.01,-11733.08,7859.0,7859.0,0,0
PHerc0846B,4674,no-division,3196.01,3883.92,7859.0,7859.0,1,0
PHerc0846B,5182,as-is,-1151.48,-18654.33,7859.0,7859.0,0,0
PHerc0846B,5182,no-division,3447.52,3753.67,7859.0,7859.0,1,0
PHerc0846B,5691,as-is,1916.57,-3380.47,7859.0,7859.0,0,0
PHerc0846B,5691,no-division,3294.57,3497.53,7859.0,7859.0,1,0
PHerc0846B,6200,as-is,1490.21,-5357.68,7859.0,7859.0,0,0
PHerc0846B,6200,no-division,3786.21,3680.32,7859.0,7859.0,1,0
PHerc0846B,6708,as-is,1901.37,-3748.04,7859.0,7859.0,0,0
PHerc0846B,6708,no-division,3578.37,4258.96,7859.0,7859.0,1,0
PHerc0846B,7217,as-is,1879.6,-4112.46,7859.0,7859.0,0,0
PHerc0846B,7217,no-division,3266.6,4180.54,7859.0,7859.0,1,0
PHerc0846B,7725,as-is,1849.93,-2666.95,7859.0,7859.0,0,0
PHerc0846B,7725,no-division,3727.93,4088.05,7859.0,7859.0,1,0
PHerc0846B,8234,as-is,426.34,-7259.65,7859.0,7859.0,0,0
PHerc0846B,8234,no-division,3775.34,4066.35,7859.0,7859.0,1,0
PHerc0846B,8743,as-is,3060.41,10362.15,7859.0,7859.0,0,0
PHerc0846B,8743,no-division,3247.41,3593.15,7859.0,7859.0,1,0
PHerc0846B,9251,as-is,3706.63,15812.8,7859.0,7859.0,0,0
PHerc0846B,9251,no-division,3873.63,4080.8,7859.0,7859.0,1,0
PHerc0846B,9760,as-is,3272.17,-5142.62,7859.0,7859.0,0,0
PHerc0846B,9760,no-division,3462.17,3797.38,7859.0,7859.0,1,0
PHerc0846B,10268,as-is,7120.11,25264.25,7859.0,7859.0,0,0
PHerc0846B,10268,no-division,3803.11,4005.25,7859.0,7859.0,1,0
PHerc0846B,10777,as-is,3314.62,-5558.21,7859.0,7859.0,0,0
PHerc0846B,10777,no-division,3789.62,3905.79,7859.0,7859.0,1,0
PHerc0846B,11286,as-is,79355.19,1143406.42,7859.0,7859.0,0,1
PHerc0846B,11286,no-division,3719.19,4052.42,7859.0,7859.0,1,0
PHerc0846B,11794,as-is,4094.39,4507.16,7859.0,7859.0,1,0
PHerc0846B,11794,no-division,3385.39,4193.16,7859.0,7859.0,1,0
PHerc0846B,12303,as-is,4116.34,4037.24,7859.0,7859.0,1,0
PHerc0846B,12303,no-division,3802.34,4421.24,7859.0,7859.0,1,0
PHerc0846B,12811,as-is,4021.12,4541.66,7859.0,7859.0,1,0
PHerc0846B,12811,no-division,4132.12,4218.66,7859.0,7859.0,1,0
PHerc1203,1518,as-is,2056697.02,2793285.4,6844.0,6844.0,0,1
PHerc1203,1518,no-division,3728.02,747.4,6844.0,6844.0,1,0
PHerc1203,2211,as-is,3397.93,3051.61,6844.0,6844.0,1,0
PHerc1203,2211,no-division,3396.93,3049.61,6844.0,6844.0,1,0
PHerc1203,2904,as-is,3567.96,3152.8,6844.0,6844.0,1,0
PHerc1203,2904,no-division,3554.96,3061.8,6844.0,6844.0,1,0
PHerc1203,3597,as-is,3229.04,3373.64,6844.0,6844.0,1,0
PHerc1203,3597,no-division,3270.04,3428.64,6844.0,6844.0,1,0
PHerc1203,4290,as-is,3316.82,3200.45,6844.0,6844.0,1,0
PHerc1203,4290,no-division,3312.82,3201.45,6844.0,6844.0,1,0
PHerc1203,4983,as-is,-10621.24,34296.68,6844.0,6844.0,0,0
PHerc1203,4983,no-division,2510.76,3139.68,6844.0,6844.0,1,0
PHerc1203,5676,as-is,-135499.51,403613.3,6844.0,6844.0,0,1
PHerc1203,5676,no-division,3104.49,3405.3,6844.0,6844.0,1,0
PHerc1203,6369,as-is,2501.7,8856.75,6844.0,6844.0,0,0
PHerc1203,6369,no-division,3529.7,3569.75,6844.0,6844.0,1,0
PHerc1203,7062,as-is,2419.79,8885.87,6844.0,6844.0,0,0
PHerc1203,7062,no-division,3228.79,3799.87,6844.0,6844.0,1,0
PHerc1203,7755,as-is,2386.52,9461.33,6844.0,6844.0,0,0
PHerc1203,7755,no-division,3039.52,3706.33,6844.0,6844.0,1,0
PHerc1203,8448,as-is,2621.73,13668.46,6844.0,6844.0,0,0
PHerc1203,8448,no-division,3143.73,3726.46,6844.0,6844.0,1,0
PHerc1203,9141,as-is,3610.01,-1989.63,6844.0,6844.0,0,0
PHerc1203,9141,no-division,3079.01,3611.37,6844.0,6844.0,1,0
PHerc1203,9835,as-is,3616.22,322.37,6844.0,6844.0,1,0
PHerc1203,9835,no-division,2942.22,3689.37,6844.0,6844.0,1,0
PHerc1203,10528,as-is,4623.97,-285.34,6844.0,6844.0,0,0
PHerc1203,10528,no-division,3018.97,3728.66,6844.0,6844.0,1,0
PHerc1203,11221,as-is,2899.1,3341.14,6844.0,6844.0,1,0
PHerc1203,11221,no-division,2927.1,3366.14,6844.0,6844.0,1,0
PHerc1203,11914,as-is,3390.22,3232.1,6844.0,6844.0,1,0
PHerc1203,11914,no-division,3270.22,3175.1,6844.0,6844.0,1,0
PHerc1203,12607,as-is,3273.47,2892.01,6844.0,6844.0,1,0
PHerc1203,12607,no-division,3294.47,2878.01,6844.0,6844.0,1,0
PHerc1203,13300,as-is,3341.12,3086.28,6844.0,6844.0,1,0
PHerc1203,13300,no-division,3386.12,3046.28,6844.0,6844.0,1,0
PHerc1203,13993,as-is,3672.65,3506.59,6844.0,6844.0,1,0
PHerc1203,13993,no-division,3702.65,3460.59,6844.0,6844.0,1,0
PHerc1203,14686,as-is,3807.59,4013.38,6844.0,6844.0,1,0
PHerc1203,14686,no-division,3805.59,4000.38,6844.0,6844.0,1,0
PHerc1203,15379,as-is,3890.52,4190.72,6844.0,6844.0,1,0
PHerc1203,15379,no-division,3940.52,4331.72,6844.0,6844.0,1,0
PHerc1203,16072,as-is,3290.49,3057.02,6844.0,6844.0,1,0
PHerc1203,16072,no-division,4092.49,4324.02,6844.0,6844.0,1,0
PHerc1203,16765,as-is,3645.05,3975.48,6844.0,6844.0,1,0
PHerc1203,16765,no-division,3780.05,3955.48,6844.0,6844.0,1,0
PHerc1203,17458,as-is,3531.78,3545.73,6844.0,6844.0,1,0
PHerc1203,17458,no-division,3530.78,3707.73,6844.0,6844.0,1,0
PHerc1218,1859,as-is,3203.16,3673.67,7593.0,7593.0,1,0
PHerc1218,1859,no-division,3143.16,3917.67,7593.0,7593.0,1,0
PHerc1218,2708,as-is,3189.51,3275.59,7593.0,7593.0,1,0
PHerc1218,2708,no-division,2990.51,3488.59,7593.0,7593.0,1,0
PHerc1218,3557,as-is,2919.56,8309.98,7593.0,7593.0,0,0
PHerc1218,3557,no-division,3289.56,3436.98,7593.0,7593.0,1,0
PHerc1218,4406,as-is,2186.75,881.43,7593.0,7593.0,1,0
PHerc1218,4406,no-division,3315.75,1875.43,7593.0,7593.0,1,0
PHerc1218,5255,as-is,2692.47,-3156.86,7593.0,7593.0,0,0
PHerc1218,5255,no-division,3469.47,3853.14,7593.0,7593.0,1,0
PHerc1218,6104,as-is,5336.09,-7790.64,7593.0,7593.0,0,0
PHerc1218,6104,no-division,3252.09,4166.36,7593.0,7593.0,1,0
PHerc1218,6953,as-is,6722.95,-6688.66,7593.0,7593.0,0,0
PHerc1218,6953,no-division,4005.95,4422.34,7593.0,7593.0,1,0
PHerc1218,7802,as-is,3675.86,4124.17,7593.0,7593.0,1,0
PHerc1218,7802,no-division,3826.86,4438.17,7593.0,7593.0,1,0
PHerc1218,8651,as-is,3423.49,19148.6,7593.0,7593.0,0,0
PHerc1218,8651,no-division,3922.49,4207.6,7593.0,7593.0,1,0
PHerc1218,9500,as-is,4051.38,15285.99,7593.0,7593.0,0,0
PHerc1218,9500,no-division,4305.38,3919.99,7593.0,7593.0,1,0
PHerc1218,10349,as-is,4293.75,13902.61,7593.0,7593.0,0,0
PHerc1218,10349,no-division,4072.75,4098.61,7593.0,7593.0,1,0
PHerc1218,11198,as-is,4838.84,20107.34,7593.0,7593.0,0,0
PHerc1218,11198,no-division,4132.84,4272.34,7593.0,7593.0,1,0
PHerc1218,12048,as-is,23873.82,-1238478.59,7593.0,7593.0,0,1
PHerc1218,12048,no-division,3962.82,4457.41,7593.0,7593.0,1,0
PHerc1218,12897,as-is,-3789.46,-89810.73,7593.0,7593.0,0,0
PHerc1218,12897,no-division,4236.54,4364.27,7593.0,7593.0,1,0
PHerc1218,13746,as-is,6355.44,30299.24,7593.0,7593.0,0,0
PHerc1218,13746,no-division,3952.44,4392.24,7593.0,7593.0,1,0
PHerc1218,14595,as-is,6309.35,29578.73,7593.0,7593.0,0,0
PHerc1218,14595,no-division,3771.35,4169.73,7593.0,7593.0,1,0
PHerc1218,15444,as-is,-63882.91,-1287647.64,7593.0,7593.0,0,1
PHerc1218,15444,no-division,3876.09,4007.36,7593.0,7593.0,1,0
PHerc1218,16293,as-is,4865.54,19693.5,7593.0,7593.0,0,0
PHerc1218,16293,no-division,3869.54,3747.5,7593.0,7593.0,1,0
PHerc1218,17142,as-is,4730.44,11984.94,7593.0,7593.0,0,0
PHerc1218,17142,no-division,3129.44,3926.94,7593.0,7593.0,1,0
PHerc1218,17991,as-is,4978.6,9790.86,7593.0,7593.0,0,0
PHerc1218,17991,no-division,4246.6,3513.86,7593.0,7593.0,1,0
PHerc1218,18840,as-is,7386.9,38331.71,7593.0,7593.0,0,0
PHerc1218,18840,no-division,3522.9,3620.71,7593.0,7593.0,1,0
PHerc1218,19689,as-is,4220.39,-12107.94,7593.0,7593.0,0,0
PHerc1218,19689,no-division,3049.39,3625.06,7593.0,7593.0,1,0
PHerc1218,20538,as-is,3479.79,-4368.4,7593.0,7593.0,0,0
PHerc1218,20538,no-division,3097.79,3421.6,7593.0,7593.0,1,0
PHerc1218,21387,as-is,3356.44,3250.18,7593.0,7593.0,1,0
PHerc1218,21387,no-division,3258.44,3348.18,7593.0,7593.0,1,0
PHerc1447,1943,as-is,3739.23,6121.56,8343.0,8343.0,1,0
PHerc1447,1943,no-division,2701.23,3952.56,8343.0,8343.0,1,0
PHerc1447,2831,as-is,3293.31,4860.86,8343.0,8343.0,1,0
PHerc1447,2831,no-division,3300.31,4829.86,8343.0,8343.0,1,0
PHerc1447,3718,as-is,4757.91,2361.05,8343.0,8343.0,1,0
PHerc1447,3718,no-division,3446.91,4803.05,8343.0,8343.0,1,0
PHerc1447,4605,as-is,5184.34,1203.0,8343.0,8343.0,1,0
PHerc1447,4605,no-division,3670.34,4674.0,8343.0,8343.0,1,0
PHerc1447,5493,as-is,5271.86,749.64,8343.0,8343.0,1,0
PHerc1447,5493,no-division,3257.86,4361.64,8343.0,8343.0,1,0
PHerc1447,6380,as-is,5597.48,-306.32,8343.0,8343.0,0,0
PHerc1447,6380,no-division,3474.48,4162.68,8343.0,8343.0,1,0
PHerc1447,7267,as-is,5581.92,-1113.44,8343.0,8343.0,0,0
PHerc1447,7267,no-division,3721.92,3809.56,8343.0,8343.0,1,0
PHerc1447,8155,as-is,5225.28,22.58,8343.0,8343.0,1,0
PHerc1447,8155,no-division,3944.28,3613.58,8343.0,8343.0,1,0
PHerc1447,9042,as-is,5492.59,-791.76,8343.0,8343.0,0,0
PHerc1447,9042,no-division,3988.59,3690.24,8343.0,8343.0,1,0
PHerc1447,9930,as-is,5095.29,1046.61,8343.0,8343.0,1,0
PHerc1447,9930,no-division,3929.29,4040.61,8343.0,8343.0,1,0
PHerc1447,10817,as-is,3738.75,3537.0,8343.0,8343.0,1,0
PHerc1447,10817,no-division,3737.75,3551.0,8343.0,8343.0,1,0
PHerc1447,11704,as-is,4455.66,584.51,8343.0,8343.0,1,0
PHerc1447,11704,no-division,3855.66,3661.51,8343.0,8343.0,1,0
PHerc1447,12592,as-is,4213.45,-494.9,8343.0,8343.0,0,0
PHerc1447,12592,no-division,3499.45,3484.1,8343.0,8343.0,1,0
PHerc1447,13479,as-is,3674.89,-2782.81,8343.0,8343.0,0,0
PHerc1447,13479,no-division,3400.89,3222.19,8343.0,8343.0,1,0
PHerc1447,14366,as-is,3593.22,2901.97,8343.0,8343.0,1,0
PHerc1447,14366,no-division,3684.22,2924.97,8343.0,8343.0,1,0
PHerc1447,15254,as-is,6723.78,6527.84,8343.0,8343.0,1,0
PHerc1447,15254,no-division,3489.78,3216.84,8343.0,8343.0,1,0
PHerc1447,16141,as-is,3502.29,3762.45,8343.0,8343.0,1,0
PHerc1447,16141,no-division,3499.29,3759.45,8343.0,8343.0,1,0
PHerc1447,17029,as-is,-2080.78,-10445.12,8343.0,8343.0,0,0
PHerc1447,17029,no-division,3782.22,4050.88,8343.0,8343.0,1,0
PHerc1447,17916,as-is,3737.92,-3579.27,8343.0,8343.0,0,0
PHerc1447,17916,no-division,3289.92,4883.73,8343.0,8343.0,1,0
PHerc1447,18803,as-is,2962.84,-8722.02,8343.0,8343.0,0,0
PHerc1447,18803,no-division,3896.84,5152.98,8343.0,8343.0,1,0
PHerc1447,19691,as-is,3186.64,-14725.28,8343.0,8343.0,0,0
PHerc1447,19691,no-division,3676.64,5429.72,8343.0,8343.0,1,0
PHerc1447,20578,as-is,5663.64,-761.51,8343.0,8343.0,0,0
PHerc1447,20578,no-division,3145.64,5259.49,8343.0,8343.0,1,0
PHerc1447,21465,as-is,5438.32,-2995.43,8343.0,8343.0,0,0
PHerc1447,21465,no-division,3832.32,4211.57,8343.0,8343.0,1,0
PHerc1447,22353,as-is,4919.17,-8.9,8343.0,8343.0,0,0
PHerc1447,22353,no-division,4153.17,3639.1,8343.0,8343.0,1,0
PHerc1545,1676,as-is,2769.62,6951.2,7506.0,7506.0,1,0
PHerc1545,1676,no-division,2010.62,3369.2,7506.0,7506.0,1,0
PHerc1545,2442,as-is,3761.53,3624.06,7506.0,7506.0,1,0
PHerc1545,2442,no-division,3782.53,3696.06,7506.0,7506.0,1,0
PHerc1545,3207,as-is,728.91,9325.06,7506.0,7506.0,0,0
PHerc1545,3207,no-division,3851.91,3439.06,7506.0,7506.0,1,0
PHerc1545,3973,as-is,4166.85,3396.36,7506.0,7506.0,1,0
PHerc1545,3973,no-division,4219.85,3386.36,7506.0,7506.0,1,0
PHerc1545,4739,as-is,4216.35,3121.35,7506.0,7506.0,1,0
PHerc1545,4739,no-division,4365.35,3090.35,7506.0,7506.0,1,0
PHerc1545,5504,as-is,4396.82,3312.76,7506.0,7506.0,1,0
PHerc1545,5504,no-division,4366.82,3121.76,7506.0,7506.0,1,0
PHerc1545,6270,as-is,1727.49,5394.33,7506.0,7506.0,1,0
PHerc1545,6270,no-division,3135.49,2421.33,7506.0,7506.0,1,0
PHerc1545,7035,as-is,2898.11,2816.49,7506.0,7506.0,1,0
PHerc1545,7035,no-division,2895.11,2807.49,7506.0,7506.0,1,0
PHerc1545,7801,as-is,134567.1,-298737.51,7506.0,7506.0,0,1
PHerc1545,7801,no-division,2897.1,3241.49,7506.0,7506.0,1,0
PHerc1545,8566,as-is,837.42,9761.89,7506.0,7506.0,0,0
PHerc1545,8566,no-division,3033.42,3160.89,7506.0,7506.0,1,0
PHerc1545,9332,as-is,681.07,10255.45,7506.0,7506.0,0,0
PHerc1545,9332,no-division,3166.07,3108.45,7506.0,7506.0,1,0
PHerc1545,10097,as-is,4211.51,-2423.44,7506.0,7506.0,0,0
PHerc1545,10097,no-division,3370.51,3225.56,7506.0,7506.0,1,0
PHerc1545,10863,as-is,-4845.81,27680.31,7506.0,7506.0,0,0
PHerc1545,10863,no-division,3248.19,3237.31,7506.0,7506.0,1,0
PHerc1545,11628,as-is,7589.98,-11682.03,7506.0,7506.0,0,0
PHerc1545,11628,no-division,3477.98,3406.97,7506.0,7506.0,1,0
PHerc1545,12394,as-is,14584.23,-28608.77,7506.0,7506.0,0,0
PHerc1545,12394,no-division,3952.23,3741.23,7506.0,7506.0,1,0
PHerc1545,13159,as-is,4807.33,-384.99,7506.0,7506.0,0,0
PHerc1545,13159,no-division,3650.33,3964.01,7506.0,7506.0,1,0
PHerc1545,13925,as-is,5208.07,-1577.61,7506.0,7506.0,0,0
PHerc1545,13925,no-division,3778.07,4155.39,7506.0,7506.0,1,0
PHerc1545,14690,as-is,4467.23,507.15,7506.0,7506.0,1,0
PHerc1545,14690,no-division,3685.23,4250.15,7506.0,7506.0,1,0
PHerc1545,15456,as-is,4469.19,702.67,7506.0,7506.0,1,0
PHerc1545,15456,no-division,3860.19,4650.67,7506.0,7506.0,1,0
PHerc1545,16221,as-is,4815.66,672.99,7506.0,7506.0,1,0
PHerc1545,16221,no-division,4205.66,4912.99,7506.0,7506.0,1,0
PHerc1545,16987,as-is,213832.64,-828644.92,7506.0,7506.0,0,1
PHerc1545,16987,no-division,4132.64,4932.08,7506.0,7506.0,1,0
PHerc1545,17753,as-is,9295.38,-42327.7,7506.0,7506.0,0,0
PHerc1545,17753,no-division,3989.38,5005.3,7506.0,7506.0,1,0
PHerc1545,18518,as-is,177164.45,-1425740.87,7506.0,7506.0,0,1
PHerc1545,18518,no-division,3507.45,5295.13,7506.0,7506.0,1,0
PHerc1545,19284,as-is,229665.85,-1280473.86,7506.0,7506.0,0,1
PHerc1545,19284,no-division,4101.85,5091.14,7506.0,7506.0,1,0
