scroll,estimator,z,published_x,published_y,error_mm
PHerc0125,argmax,2140,5081,3019,3.437
PHerc0125,argmax,2264,5094,2977,6.38
PHerc0125,argmax,2535,4924,2962,9.751
PHerc0125,argmax,2749,4883,3010,8.381
PHerc0125,argmax,2966,4880,3079,7.623
PHerc0125,argmax,3190,4849,3108,6.145
PHerc0125,argmax,3309,4775,3146,5.399
PHerc0125,argmax,3528,4605,3208,4.238
PHerc0125,argmax,4040,4349,3501,1.272
PHerc0125,argmax,4198,4315,3732,1.446
PHerc0125,argmax,4406,4361,3906,3.361
PHerc0125,argmax,5013,4302,3906,2.304
PHerc0125,argmax,5208,4293,3905,1.74
PHerc0125,argmax,5387,4305,3914,0.914
PHerc0125,argmax,5656,4280,3933,0.807
PHerc0125,argmax,5710,4386,4002,2.191
PHerc0125,argmax,6190,4328,4239,6.365
PHerc0125,argmax,6614,4340,4293,6.393
PHerc0125,argmax,6898,4320,4346,6.881
PHerc0125,argmax,7200,4275,4335,4.505
PHerc0125,argmax,7541,4322,4358,5.933
PHerc0125,argmax,7789,4318,4318,4.195
PHerc0125,argmax,8006,4304,4314,2.689
PHerc0125,argmax,8252,4337,4306,0.553
PHerc0125,argmax,8466,4332,4265,2.723
PHerc0125,argmax,8705,4304,4252,4.873
PHerc0125,argmax,8919,4282,4179,2.339
PHerc0125,argmax,9055,4297,4175,0.874
PHerc0125,argmax,9359,4309,4188,0.554
PHerc0125,argmax,9507,4307,4202,0.191
PHerc0125,argmax,9828,4285,4182,1.359
PHerc0125,argmax,10001,4256,4181,1.153
PHerc0125,argmax,10267,4201,4132,4.225
PHerc0125,argmax,10587,4125,4117,1.008
PHerc0125,argmax,10848,4207,4138,1.365
PHerc0125,argmax,11168,4184,4104,2.082
PHerc0125,argmax,11393,4227,4098,1.055
PHerc0125,argmax,11890,4283,4163,0.688
PHerc0125,argmax,12058,4231,4235,0.75
PHerc0125,argmax,12228,4240,4219,0.844
PHerc0125,argmax,12446,4296,4186,0.306
PHerc0125,argmax,12738,4248,4155,3.208
PHerc0125,argmax,12965,4253,4131,6.899
PHerc0125,argmax,13213,4229,4116,7.738
PHerc0125,argmax,13472,4242,4153,6.038
PHerc0125,argmax,13768,4246,4169,3.765
PHerc0125,argmax,13874,4190,4373,5.46
PHerc0125,argmax,14075,4203,4330,9.239
PHerc0125,argmax,14291,4246,4380,9.343
PHerc0125,argmax,14574,4240,4376,7.689
PHerc0125,argmax,14831,4222,4383,1.871
PHerc0125,argmax,15092,4231,4327,1.165
PHerc0125,argmax,15293,4251,4316,1.601
PHerc0125,argmax,15481,4255,4385,1.548
PHerc0125,argmax,15591,4238,4382,1.706
PHerc0125,argmax,15803,4220,4414,2.147
PHerc0125,argmax,15928,4173,4265,3.024
PHerc0125,argmax,16105,4199,4277,3.045
PHerc0125,argmax,16297,4229,4306,3.14
PHerc0125,argmax,16437,4199,4351,3.802
PHerc0125,argmax,16510,4195,4382,3.783
PHerc0125,argmax,16715,4278,4412,2.661
PHerc0125,argmax,16935,4239,4434,1.97
PHerc0125,argmax,17134,4267,4396,1.106
PHerc0125,argmax,17298,4219,4258,1.564
PHerc0125,argmax,17395,4272,4120,3.109
PHerc0125,argmax,17552,4265,4089,4.098
PHerc0125,argmax,17707,4235,4085,3.901
PHerc0125,argmax,17888,4287,4095,4.043
PHerc0125,argmax,18067,4241,4099,3.374
PHerc0125,argmax,18294,4217,4022,2.121
PHerc0125,argmax,18506,4242,4010,0.67
PHerc0125,argmax,18657,4319,3995,2.618
PHerc0125,argmax,18890,4282,3982,6.542
PHerc0125,argmax,19084,4319,3923,8.401
PHerc0125,centroid,2140,5081,3019,7.088
PHerc0125,centroid,2264,5094,2977,6.499
PHerc0125,centroid,2535,4924,2962,6.662
PHerc0125,centroid,2749,4883,3010,6.823
PHerc0125,centroid,2966,4880,3079,6.796
PHerc0125,centroid,3190,4849,3108,6.744
PHerc0125,centroid,3309,4775,3146,6.151
PHerc0125,centroid,3528,4605,3208,4.965
PHerc0125,centroid,4040,4349,3501,2.363
PHerc0125,centroid,4198,4315,3732,0.852
PHerc0125,centroid,4406,4361,3906,0.895
PHerc0125,centroid,5013,4302,3906,0.378
PHerc0125,centroid,5208,4293,3905,0.152
PHerc0125,centroid,5387,4305,3914,0.339
PHerc0125,centroid,5656,4280,3933,0.65
PHerc0125,centroid,5710,4386,4002,0.861
PHerc0125,centroid,6190,4328,4239,1.755
PHerc0125,centroid,6614,4340,4293,2.177
PHerc0125,centroid,6898,4320,4346,2.537
PHerc0125,centroid,7200,4275,4335,2.337
PHerc0125,centroid,7541,4322,4358,3.351
PHerc0125,centroid,7789,4318,4318,3.641
PHerc0125,centroid,8006,4304,4314,3.841
PHerc0125,centroid,8252,4337,4306,4.28
PHerc0125,centroid,8466,4332,4265,3.75
PHerc0125,centroid,8705,4304,4252,3.021
PHerc0125,centroid,8919,4282,4179,1.925
PHerc0125,centroid,9055,4297,4175,1.665
PHerc0125,centroid,9359,4309,4188,1.48
PHerc0125,centroid,9507,4307,4202,1.484
PHerc0125,centroid,9828,4285,4182,1.366
PHerc0125,centroid,10001,4256,4181,1.171
PHerc0125,centroid,10267,4201,4132,0.687
PHerc0125,centroid,10587,4125,4117,1.149
PHerc0125,centroid,10848,4207,4138,1.333
PHerc0125,centroid,11168,4184,4104,0.218
PHerc0125,centroid,11393,4227,4098,0.361
PHerc0125,centroid,11890,4283,4163,1.37
PHerc0125,centroid,12058,4231,4235,2.072
PHerc0125,centroid,12228,4240,4219,2.373
PHerc0125,centroid,12446,4296,4186,2.203
PHerc0125,centroid,12738,4248,4155,2.477
PHerc0125,centroid,12965,4253,4131,2.185
PHerc0125,centroid,13213,4229,4116,2.332
PHerc0125,centroid,13472,4242,4153,2.169
PHerc0125,centroid,13768,4246,4169,2.498
PHerc0125,centroid,13874,4190,4373,2.435
PHerc0125,centroid,14075,4203,4330,2.585
PHerc0125,centroid,14291,4246,4380,2.129
PHerc0125,centroid,14574,4240,4376,1.93
PHerc0125,centroid,14831,4222,4383,1.517
PHerc0125,centroid,15092,4231,4327,1.133
PHerc0125,centroid,15293,4251,4316,0.851
PHerc0125,centroid,15481,4255,4385,1.193
PHerc0125,centroid,15591,4238,4382,1.405
PHerc0125,centroid,15803,4220,4414,2.298
PHerc0125,centroid,15928,4173,4265,2.922
PHerc0125,centroid,16105,4199,4277,3.254
PHerc0125,centroid,16297,4229,4306,3.162
PHerc0125,centroid,16437,4199,4351,3.605
PHerc0125,centroid,16510,4195,4382,3.623
PHerc0125,centroid,16715,4278,4412,2.672
PHerc0125,centroid,16935,4239,4434,2.911
PHerc0125,centroid,17134,4267,4396,2.528
PHerc0125,centroid,17298,4219,4258,2.922
PHerc0125,centroid,17395,4272,4120,2.924
PHerc0125,centroid,17552,4265,4089,3.036
PHerc0125,centroid,17707,4235,4085,3.133
PHerc0125,centroid,17888,4287,4095,2.441
PHerc0125,centroid,18067,4241,4099,2.773
PHerc0125,centroid,18294,4217,4022,3.632
PHerc0125,centroid,18506,4242,4010,4.259
PHerc0125,centroid,18657,4319,3995,4.502
PHerc0125,centroid,18890,4282,3982,5.941
PHerc0125,centroid,19084,4319,3923,6.325
PHerc0125,plateau_centroid,2140,5081,3019,5.669
PHerc0125,plateau_centroid,2264,5094,2977,6.672
PHerc0125,plateau_centroid,2535,4924,2962,8.755
PHerc0125,plateau_centroid,2749,4883,3010,8.114
PHerc0125,plateau_centroid,2966,4880,3079,7.234
PHerc0125,plateau_centroid,3190,4849,3108,5.822
PHerc0125,plateau_centroid,3309,4775,3146,4.927
PHerc0125,plateau_centroid,3528,4605,3208,3.477
PHerc0125,plateau_centroid,4040,4349,3501,1.411
PHerc0125,plateau_centroid,4198,4315,3732,1.314
PHerc0125,plateau_centroid,4406,4361,3906,2.24
PHerc0125,plateau_centroid,5013,4302,3906,1.647
PHerc0125,plateau_centroid,5208,4293,3905,1.516
PHerc0125,plateau_centroid,5387,4305,3914,0.731
PHerc0125,plateau_centroid,5656,4280,3933,0.173
PHerc0125,plateau_centroid,5710,4386,4002,1.537
PHerc0125,plateau_centroid,6190,4328,4239,4.277
PHerc0125,plateau_centroid,6614,4340,4293,3.728
PHerc0125,plateau_centroid,6898,4320,4346,4.528
PHerc0125,plateau_centroid,7200,4275,4335,4.807
PHerc0125,plateau_centroid,7541,4322,4358,1.843
PHerc0125,plateau_centroid,7789,4318,4318,1.035
PHerc0125,plateau_centroid,8006,4304,4314,0.069
PHerc0125,plateau_centroid,8252,4337,4306,0.889
PHerc0125,plateau_centroid,8466,4332,4265,1.384
PHerc0125,plateau_centroid,8705,4304,4252,1.812
PHerc0125,plateau_centroid,8919,4282,4179,1.859
PHerc0125,plateau_centroid,9055,4297,4175,1.479
PHerc0125,plateau_centroid,9359,4309,4188,0.535
PHerc0125,plateau_centroid,9507,4307,4202,0.36
PHerc0125,plateau_centroid,9828,4285,4182,0.703
PHerc0125,plateau_centroid,10001,4256,4181,0.437
PHerc0125,plateau_centroid,10267,4201,4132,2.085
PHerc0125,plateau_centroid,10587,4125,4117,2.708
PHerc0125,plateau_centroid,10848,4207,4138,3.929
PHerc0125,plateau_centroid,11168,4184,4104,4.87
PHerc0125,plateau_centroid,11393,4227,4098,3.66
PHerc0125,plateau_centroid,11890,4283,4163,3.33
PHerc0125,plateau_centroid,12058,4231,4235,2.63
PHerc0125,plateau_centroid,12228,4240,4219,1.968
PHerc0125,plateau_centroid,12446,4296,4186,1.821
PHerc0125,plateau_centroid,12738,4248,4155,3.409
PHerc0125,plateau_centroid,12965,4253,4131,4.507
PHerc0125,plateau_centroid,13213,4229,4116,5.341
PHerc0125,plateau_centroid,13472,4242,4153,5.56
PHerc0125,plateau_centroid,13768,4246,4169,5.94
PHerc0125,plateau_centroid,13874,4190,4373,6.013
PHerc0125,plateau_centroid,14075,4203,4330,6.461
PHerc0125,plateau_centroid,14291,4246,4380,6.005
PHerc0125,plateau_centroid,14574,4240,4376,5.592
PHerc0125,plateau_centroid,14831,4222,4383,4.166
PHerc0125,plateau_centroid,15092,4231,4327,3.23
PHerc0125,plateau_centroid,15293,4251,4316,2.479
PHerc0125,plateau_centroid,15481,4255,4385,1.731
PHerc0125,plateau_centroid,15591,4238,4382,1.532
PHerc0125,plateau_centroid,15803,4220,4414,1.808
PHerc0125,plateau_centroid,15928,4173,4265,2.74
PHerc0125,plateau_centroid,16105,4199,4277,2.879
PHerc0125,plateau_centroid,16297,4229,4306,3.123
PHerc0125,plateau_centroid,16437,4199,4351,3.831
PHerc0125,plateau_centroid,16510,4195,4382,3.543
PHerc0125,plateau_centroid,16715,4278,4412,1.643
PHerc0125,plateau_centroid,16935,4239,4434,1.126
PHerc0125,plateau_centroid,17134,4267,4396,1.536
PHerc0125,plateau_centroid,17298,4219,4258,1.79
PHerc0125,plateau_centroid,17395,4272,4120,3.015
PHerc0125,plateau_centroid,17552,4265,4089,3.631
PHerc0125,plateau_centroid,17707,4235,4085,3.586
PHerc0125,plateau_centroid,17888,4287,4095,4.11
PHerc0125,plateau_centroid,18067,4241,4099,3.36
PHerc0125,plateau_centroid,18294,4217,4022,1.652
PHerc0125,plateau_centroid,18506,4242,4010,0.578
PHerc0125,plateau_centroid,18657,4319,3995,2.073
PHerc0125,plateau_centroid,18890,4282,3982,5.058
PHerc0125,plateau_centroid,19084,4319,3923,6.239
PHerc0125,plateau_nearest_centroid,2140,5081,3019,6.489
PHerc0125,plateau_nearest_centroid,2264,5094,2977,5.535
PHerc0125,plateau_nearest_centroid,2535,4924,2962,6.688
PHerc0125,plateau_nearest_centroid,2749,4883,3010,6.865
PHerc0125,plateau_nearest_centroid,2966,4880,3079,6.837
PHerc0125,plateau_nearest_centroid,3190,4849,3108,6.77
PHerc0125,plateau_nearest_centroid,3309,4775,3146,6.168
PHerc0125,plateau_nearest_centroid,3528,4605,3208,4.965
PHerc0125,plateau_nearest_centroid,4040,4349,3501,2.3
PHerc0125,plateau_nearest_centroid,4198,4315,3732,0.887
PHerc0125,plateau_nearest_centroid,4406,4361,3906,1.464
PHerc0125,plateau_nearest_centroid,5013,4302,3906,0.69
PHerc0125,plateau_nearest_centroid,5208,4293,3905,0.446
PHerc0125,plateau_nearest_centroid,5387,4305,3914,0.146
PHerc0125,plateau_nearest_centroid,5656,4280,3933,0.648
PHerc0125,plateau_nearest_centroid,5710,4386,4002,0.851
PHerc0125,plateau_nearest_centroid,6190,4328,4239,1.736
PHerc0125,plateau_nearest_centroid,6614,4340,4293,2.163
PHerc0125,plateau_nearest_centroid,6898,4320,4346,2.366
PHerc0125,plateau_nearest_centroid,7200,4275,4335,2.089
PHerc0125,plateau_nearest_centroid,7541,4322,4358,2.78
PHerc0125,plateau_nearest_centroid,7789,4318,4318,3.331
PHerc0125,plateau_nearest_centroid,8006,4304,4314,3.509
PHerc0125,plateau_nearest_centroid,8252,4337,4306,3.848
PHerc0125,plateau_nearest_centroid,8466,4332,4265,3.455
PHerc0125,plateau_nearest_centroid,8705,4304,4252,2.763
PHerc0125,plateau_nearest_centroid,8919,4282,4179,1.777
PHerc0125,plateau_nearest_centroid,9055,4297,4175,1.477
PHerc0125,plateau_nearest_centroid,9359,4309,4188,1.357
PHerc0125,plateau_nearest_centroid,9507,4307,4202,1.413
PHerc0125,plateau_nearest_centroid,9828,4285,4182,1.325
PHerc0125,plateau_nearest_centroid,10001,4256,4181,1.107
PHerc0125,plateau_nearest_centroid,10267,4201,4132,0.714
PHerc0125,plateau_nearest_centroid,10587,4125,4117,1.172
PHerc0125,plateau_nearest_centroid,10848,4207,4138,1.355
PHerc0125,plateau_nearest_centroid,11168,4184,4104,0.224
PHerc0125,plateau_nearest_centroid,11393,4227,4098,0.396
PHerc0125,plateau_nearest_centroid,11890,4283,4163,1.374
PHerc0125,plateau_nearest_centroid,12058,4231,4235,2.087
PHerc0125,plateau_nearest_centroid,12228,4240,4219,2.39
PHerc0125,plateau_nearest_centroid,12446,4296,4186,2.191
PHerc0125,plateau_nearest_centroid,12738,4248,4155,2.454
PHerc0125,plateau_nearest_centroid,12965,4253,4131,2.166
PHerc0125,plateau_nearest_centroid,13213,4229,4116,2.329
PHerc0125,plateau_nearest_centroid,13472,4242,4153,2.172
PHerc0125,plateau_nearest_centroid,13768,4246,4169,2.501
PHerc0125,plateau_nearest_centroid,13874,4190,4373,2.436
PHerc0125,plateau_nearest_centroid,14075,4203,4330,2.609
PHerc0125,plateau_nearest_centroid,14291,4246,4380,2.161
PHerc0125,plateau_nearest_centroid,14574,4240,4376,1.959
PHerc0125,plateau_nearest_centroid,14831,4222,4383,1.517
PHerc0125,plateau_nearest_centroid,15092,4231,4327,1.128
PHerc0125,plateau_nearest_centroid,15293,4251,4316,0.841
PHerc0125,plateau_nearest_centroid,15481,4255,4385,1.191
PHerc0125,plateau_nearest_centroid,15591,4238,4382,1.39
PHerc0125,plateau_nearest_centroid,15803,4220,4414,2.272
PHerc0125,plateau_nearest_centroid,15928,4173,4265,2.902
PHerc0125,plateau_nearest_centroid,16105,4199,4277,3.239
PHerc0125,plateau_nearest_centroid,16297,4229,4306,3.145
PHerc0125,plateau_nearest_centroid,16437,4199,4351,3.589
PHerc0125,plateau_nearest_centroid,16510,4195,4382,3.611
PHerc0125,plateau_nearest_centroid,16715,4278,4412,2.67
PHerc0125,plateau_nearest_centroid,16935,4239,4434,2.243
PHerc0125,plateau_nearest_centroid,17134,4267,4396,0.56
PHerc0125,plateau_nearest_centroid,17298,4219,4258,0.581
PHerc0125,plateau_nearest_centroid,17395,4272,4120,1.416
PHerc0125,plateau_nearest_centroid,17552,4265,4089,1.676
PHerc0125,plateau_nearest_centroid,17707,4235,4085,1.569
PHerc0125,plateau_nearest_centroid,17888,4287,4095,2.163
PHerc0125,plateau_nearest_centroid,18067,4241,4099,2.574
PHerc0125,plateau_nearest_centroid,18294,4217,4022,1.841
PHerc0125,plateau_nearest_centroid,18506,4242,4010,2.745
PHerc0125,plateau_nearest_centroid,18657,4319,3995,3.763
PHerc0125,plateau_nearest_centroid,18890,4282,3982,5.941
PHerc0125,plateau_nearest_centroid,19084,4319,3923,6.38
PHerc0125,argmax+hampel,3309,4775,3146,5.399
PHerc0125,argmax+hampel,3528,4605,3208,4.238
PHerc0125,argmax+hampel,4040,4349,3501,1.272
PHerc0125,argmax+hampel,4198,4315,3732,1.446
PHerc0125,argmax+hampel,4406,4361,3906,3.361
PHerc0125,argmax+hampel,5013,4302,3906,2.304
PHerc0125,argmax+hampel,5208,4293,3905,1.74
PHerc0125,argmax+hampel,5387,4305,3914,0.914
PHerc0125,argmax+hampel,5656,4280,3933,0.807
PHerc0125,argmax+hampel,5710,4386,4002,2.191
PHerc0125,argmax+hampel,6190,4328,4239,4.295
PHerc0125,argmax+hampel,6614,4340,4293,5.506
PHerc0125,argmax+hampel,6898,4320,4346,4.468
PHerc0125,argmax+hampel,7200,4275,4335,1.836
PHerc0125,argmax+hampel,7541,4322,4358,0.971
PHerc0125,argmax+hampel,7789,4318,4318,2.699
PHerc0125,argmax+hampel,8006,4304,4314,2.689
PHerc0125,argmax+hampel,8252,4337,4306,0.553
PHerc0125,argmax+hampel,8466,4332,4265,2.723
PHerc0125,argmax+hampel,8705,4304,4252,4.873
PHerc0125,argmax+hampel,8919,4282,4179,2.339
PHerc0125,argmax+hampel,9055,4297,4175,0.874
PHerc0125,argmax+hampel,9359,4309,4188,0.554
PHerc0125,argmax+hampel,9507,4307,4202,0.191
PHerc0125,argmax+hampel,9828,4285,4182,1.359
PHerc0125,argmax+hampel,10001,4256,4181,1.153
PHerc0125,argmax+hampel,10267,4201,4132,4.225
PHerc0125,argmax+hampel,10587,4125,4117,1.008
PHerc0125,argmax+hampel,10848,4207,4138,1.365
PHerc0125,argmax+hampel,11168,4184,4104,2.082
PHerc0125,argmax+hampel,11393,4227,4098,1.055
PHerc0125,argmax+hampel,11890,4283,4163,0.688
PHerc0125,argmax+hampel,12058,4231,4235,0.75
PHerc0125,argmax+hampel,12228,4240,4219,0.844
PHerc0125,argmax+hampel,12446,4296,4186,0.306
PHerc0125,argmax+hampel,12738,4248,4155,3.208
PHerc0125,argmax+hampel,12965,4253,4131,6.899
PHerc0125,argmax+hampel,13213,4229,4116,7.738
PHerc0125,argmax+hampel,13472,4242,4153,6.038
PHerc0125,argmax+hampel,13768,4246,4169,2.856
PHerc0125,argmax+hampel,13874,4190,4373,2.377
PHerc0125,argmax+hampel,14075,4203,4330,1.999
PHerc0125,argmax+hampel,14291,4246,4380,1.245
PHerc0125,argmax+hampel,14574,4240,4376,0.901
PHerc0125,argmax+hampel,14831,4222,4383,0.766
PHerc0125,argmax+hampel,15092,4231,4327,1.165
PHerc0125,argmax+hampel,15293,4251,4316,1.601
PHerc0125,argmax+hampel,15481,4255,4385,1.548
PHerc0125,argmax+hampel,15591,4238,4382,1.706
PHerc0125,argmax+hampel,15803,4220,4414,2.147
PHerc0125,argmax+hampel,15928,4173,4265,3.024
PHerc0125,argmax+hampel,16105,4199,4277,3.045
PHerc0125,argmax+hampel,16297,4229,4306,3.14
PHerc0125,argmax+hampel,16437,4199,4351,3.802
PHerc0125,argmax+hampel,16510,4195,4382,3.783
PHerc0125,argmax+hampel,16715,4278,4412,2.661
PHerc0125,argmax+hampel,16935,4239,4434,1.97
PHerc0125,argmax+hampel,17134,4267,4396,1.106
PHerc0125,argmax+hampel,17298,4219,4258,1.564
PHerc0125,argmax+hampel,17395,4272,4120,3.109
PHerc0125,argmax+hampel,17552,4265,4089,4.098
PHerc0125,argmax+hampel,17707,4235,4085,3.901
PHerc0125,argmax+hampel,17888,4287,4095,4.043
PHerc0125,argmax+hampel,18067,4241,4099,3.374
PHerc0125,argmax+hampel,18294,4217,4022,2.121
PHerc0125,fake_axis,2140,5081,3019,13.782
PHerc0125,fake_axis,2264,5094,2977,14.17
PHerc0125,fake_axis,2535,4924,2962,13.405
PHerc0125,fake_axis,2749,4883,3010,12.823
PHerc0125,fake_axis,2966,4880,3079,12.255
PHerc0125,fake_axis,3190,4849,3108,11.872
PHerc0125,fake_axis,3309,4775,3146,11.216
PHerc0125,fake_axis,3528,4605,3208,9.998
PHerc0125,fake_axis,4040,4349,3501,6.645
PHerc0125,fake_axis,4198,4315,3732,4.468
PHerc0125,fake_axis,4406,4361,3906,3.115
PHerc0125,fake_axis,5013,4302,3906,2.877
PHerc0125,fake_axis,5208,4293,3905,2.857
PHerc0125,fake_axis,5387,4305,3914,2.817
PHerc0125,fake_axis,5656,4280,3933,2.57
PHerc0125,fake_axis,5710,4386,4002,2.542
PHerc0125,fake_axis,6190,4328,4239,1.329
PHerc0125,fake_axis,6614,4340,4293,1.658
PHerc0125,fake_axis,6898,4320,4346,1.855
PHerc0125,fake_axis,7200,4275,4335,1.529
PHerc0125,fake_axis,7541,4322,4358,1.954
PHerc0125,fake_axis,7789,4318,4318,1.648
PHerc0125,fake_axis,8006,4304,4314,1.531
PHerc0125,fake_axis,8252,4337,4306,1.707
PHerc0125,fake_axis,8466,4332,4265,1.459
PHerc0125,fake_axis,8705,4304,4252,1.171
PHerc0125,fake_axis,8919,4282,4179,0.84
PHerc0125,fake_axis,9055,4297,4175,0.984
PHerc0125,fake_axis,9359,4309,4188,1.083
PHerc0125,fake_axis,9507,4307,4202,1.066
PHerc0125,fake_axis,9828,4285,4182,0.863
PHerc0125,fake_axis,10001,4256,4181,0.597
PHerc0125,fake_axis,10267,4201,4132,0.58
PHerc0125,fake_axis,10587,4125,4117,0.961
PHerc0125,fake_axis,10848,4207,4138,0.535
PHerc0125,fake_axis,11168,4184,4104,0.843
PHerc0125,fake_axis,11393,4227,4098,0.947
PHerc0125,fake_axis,11890,4283,4163,0.885
PHerc0125,fake_axis,12058,4231,4235,0.524
PHerc0125,fake_axis,12228,4240,4219,0.496
PHerc0125,fake_axis,12446,4296,4186,0.962
PHerc0125,fake_axis,12738,4248,4155,0.625
PHerc0125,fake_axis,12965,4253,4131,0.808
PHerc0125,fake_axis,13213,4229,4116,0.798
PHerc0125,fake_axis,13472,4242,4153,0.592
PHerc0125,fake_axis,13768,4246,4169,0.542
PHerc0125,fake_axis,13874,4190,4373,1.681
PHerc0125,fake_axis,14075,4203,4330,1.281
PHerc0125,fake_axis,14291,4246,4380,1.814
PHerc0125,fake_axis,14574,4240,4376,1.763
PHerc0125,fake_axis,14831,4222,4383,1.794
PHerc0125,fake_axis,15092,4231,4327,1.298
PHerc0125,fake_axis,15293,4251,4316,1.267
PHerc0125,fake_axis,15481,4255,4385,1.883
PHerc0125,fake_axis,15591,4238,4382,1.813
PHerc0125,fake_axis,15803,4220,4414,2.079
PHerc0125,fake_axis,15928,4173,4265,0.696
PHerc0125,fake_axis,16105,4199,4277,0.783
PHerc0125,fake_axis,16297,4229,4306,1.104
PHerc0125,fake_axis,16437,4199,4351,1.475
PHerc0125,fake_axis,16510,4195,4382,1.765
PHerc0125,fake_axis,16715,4278,4412,2.193
PHerc0125,fake_axis,16935,4239,4434,2.292
PHerc0125,fake_axis,17134,4267,4396,2.017
PHerc0125,fake_axis,17298,4219,4258,0.649
PHerc0125,fake_axis,17395,4272,4120,1.007
PHerc0125,fake_axis,17552,4265,4089,1.185
PHerc0125,fake_axis,17707,4235,4085,1.088
PHerc0125,fake_axis,17888,4287,4095,1.271
PHerc0125,fake_axis,18067,4241,4099,0.99
PHerc0125,fake_axis,18294,4217,4022,1.621
PHerc0125,fake_axis,18506,4242,4010,1.777
PHerc0125,fake_axis,18657,4319,3995,2.199
PHerc0125,fake_axis,18890,4282,3982,2.146
PHerc0125,fake_axis,19084,4319,3923,2.792
PHerc0211,argmax,1702,4643,5505,4.201
PHerc0211,argmax,1806,4601,5521,3.314
PHerc0211,argmax,1895,4602,5530,2.791
PHerc0211,argmax,2026,4585,5518,3.327
PHerc0211,argmax,2170,4549,5461,4.263
PHerc0211,argmax,2276,4524,5376,4.707
PHerc0211,argmax,2430,4470,5309,4.971
PHerc0211,argmax,2507,4448,5274,5.221
PHerc0211,argmax,2653,4396,5221,5.685
PHerc0211,argmax,2758,4342,5121,3.65
PHerc0211,argmax,2842,4347,5024,3.841
PHerc0211,argmax,2968,4266,4928,6.553
PHerc0211,argmax,3083,4227,4825,6.595
PHerc0211,argmax,3247,4131,4681,4.528
PHerc0211,argmax,3387,4082,4588,3.375
PHerc0211,argmax,3529,4047,4504,3.456
PHerc0211,argmax,3714,3987,4363,3.419
PHerc0211,argmax,3818,3912,4185,1.752
PHerc0211,argmax,3955,3884,4116,1.114
PHerc0211,argmax,4187,3851,4015,2.035
PHerc0211,argmax,4392,3755,3951,1.057
PHerc0211,argmax,4512,3703,3922,0.721
PHerc0211,argmax,4752,3703,3843,1.024
PHerc0211,argmax,4946,3532,3958,0.97
PHerc0211,argmax,5013,3507,3983,1.398
PHerc0211,argmax,5215,3539,3968,1.906
PHerc0211,argmax,5323,3588,3877,3.034
PHerc0211,argmax,5439,3522,3802,5.67
PHerc0211,argmax,5635,3522,3924,6.613
PHerc0211,argmax,5740,3517,3935,5.84
PHerc0211,argmax,6007,3527,3905,4.444
PHerc0211,argmax,6215,3510,3921,4.603
PHerc0211,argmax,6375,3522,3883,3.741
PHerc0211,argmax,6529,3508,3892,3.02
PHerc0211,argmax,6745,3501,3858,1.498
PHerc0211,argmax,6991,3439,3850,2.14
PHerc0211,argmax,7203,3439,3828,1.859
PHerc0211,argmax,7471,3432,3784,1.413
PHerc0211,argmax,7746,3454,3725,1.063
PHerc0211,argmax,7982,3450,3763,1.333
PHerc0211,argmax,8147,3435,3765,1.615
PHerc0211,argmax,8407,3431,3750,1.611
PHerc0211,argmax,8620,3417,3718,1.402
PHerc0211,argmax,8913,3406,3675,1.119
PHerc0211,argmax,9244,3411,3611,1.376
PHerc0211,argmax,9497,3423,3566,1.117
PHerc0211,argmax,9707,3425,3582,1.929
PHerc0211,argmax,9912,3424,3518,2.219
PHerc0211,argmax,10106,3414,3428,1.917
PHerc0211,argmax,10300,3424,3326,1.513
PHerc0211,argmax,10481,3447,3192,0.43
PHerc0211,argmax,10675,3451,3028,0.693
PHerc0211,argmax,10826,3451,2938,1.423
PHerc0211,argmax,11032,3434,2888,1.549
PHerc0211,argmax,11159,3443,2978,0.81
PHerc0211,argmax,11289,3414,3071,1.331
PHerc0211,argmax,11376,3380,2838,0.975
PHerc0211,argmax,11496,3366,2750,2.608
PHerc0211,argmax,11631,3302,2604,5.09
PHerc0211,argmax,11763,3227,2515,6.373
PHerc0211,argmax,11879,3239,2464,6.12
PHerc0211,argmax,12067,3200,2406,6.498
PHerc0211,argmax,12235,3210,2398,8.358
PHerc0211,argmax,12372,3176,2408,10.378
PHerc0211,argmax,12540,3110,2376,12.779
PHerc0211,argmax,12689,3115,2356,14.093
PHerc0211,argmax,12876,3153,2426,13.412
PHerc0211,argmax,13200,3464,2367,9.379
PHerc0211,argmax,13366,4484,2846,3.651
PHerc0211,argmax,13911,4561,3331,6.675
PHerc0211,argmax,14231,4632,3515,6.55
PHerc0211,argmax,14521,4692,3514,8.399
PHerc0211,argmax,14698,4739,3384,9.95
PHerc0211,argmax,14899,4804,3431,10.819
PHerc0211,argmax,15142,4662,3378,11.057
PHerc0211,argmax,15450,4472,3502,10.248
PHerc0211,argmax,15752,4241,3702,7.963
PHerc0211,argmax,16052,2492,4182,9.275
PHerc0211,argmax,16066,4164,3779,6.808
PHerc0211,argmax,16290,2529,4289,9.586
PHerc0211,argmax,16564,2500,4411,9.239
PHerc0211,argmax,16911,2607,4497,7.274
PHerc0211,argmax,17459,2981,4811,3.8
PHerc0211,argmax,17712,3159,4915,2.343
PHerc0211,centroid,1702,4643,5505,6.226
PHerc0211,centroid,1806,4601,5521,5.37
PHerc0211,centroid,1895,4602,5530,4.857
PHerc0211,centroid,2026,4585,5518,5.332
PHerc0211,centroid,2170,4549,5461,5.7
PHerc0211,centroid,2276,4524,5376,5.663
PHerc0211,centroid,2430,4470,5309,5.36
PHerc0211,centroid,2507,4448,5274,5.233
PHerc0211,centroid,2653,4396,5221,5.012
PHerc0211,centroid,2758,4342,5121,4.318
PHerc0211,centroid,2842,4347,5024,4.035
PHerc0211,centroid,2968,4266,4928,3.25
PHerc0211,centroid,3083,4227,4825,2.821
PHerc0211,centroid,3247,4131,4681,1.984
PHerc0211,centroid,3387,4082,4588,1.716
PHerc0211,centroid,3529,4047,4504,1.681
PHerc0211,centroid,3714,3987,4363,1.558
PHerc0211,centroid,3818,3912,4185,1.872
PHerc0211,centroid,3955,3884,4116,1.91
PHerc0211,centroid,4187,3851,4015,2.087
PHerc0211,centroid,4392,3755,3951,2.144
PHerc0211,centroid,4512,3703,3922,2.232
PHerc0211,centroid,4752,3703,3843,2.612
PHerc0211,centroid,4946,3532,3958,1.91
PHerc0211,centroid,5013,3507,3983,1.883
PHerc0211,centroid,5215,3539,3968,1.519
PHerc0211,centroid,5323,3588,3877,1.805
PHerc0211,centroid,5439,3522,3802,2.638
PHerc0211,centroid,5635,3522,3924,1.602
PHerc0211,centroid,5740,3517,3935,1.42
PHerc0211,centroid,6007,3527,3905,1.262
PHerc0211,centroid,6215,3510,3921,0.85
PHerc0211,centroid,6375,3522,3883,1.089
PHerc0211,centroid,6529,3508,3892,0.921
PHerc0211,centroid,6745,3501,3858,1.073
PHerc0211,centroid,6991,3439,3850,0.782
PHerc0211,centroid,7203,3439,3828,0.922
PHerc0211,centroid,7471,3432,3784,1.247
PHerc0211,centroid,7746,3454,3725,1.627
PHerc0211,centroid,7982,3450,3763,0.981
PHerc0211,centroid,8147,3435,3765,0.747
PHerc0211,centroid,8407,3431,3750,0.583
PHerc0211,centroid,8620,3417,3718,0.656
PHerc0211,centroid,8913,3406,3675,0.629
PHerc0211,centroid,9244,3411,3611,0.552
PHerc0211,centroid,9497,3423,3566,0.333
PHerc0211,centroid,9707,3425,3582,0.495
PHerc0211,centroid,9912,3424,3518,0.509
PHerc0211,centroid,10106,3414,3428,0.774
PHerc0211,centroid,10300,3424,3326,1.178
PHerc0211,centroid,10481,3447,3192,1.206
PHerc0211,centroid,10675,3451,3028,1.938
PHerc0211,centroid,10826,3451,2938,2.661
PHerc0211,centroid,11032,3434,2888,3.117
PHerc0211,centroid,11159,3443,2978,2.627
PHerc0211,centroid,11289,3414,3071,3.177
PHerc0211,centroid,11376,3380,2838,4.071
PHerc0211,centroid,11496,3366,2750,4.798
PHerc0211,centroid,11631,3302,2604,6.292
PHerc0211,centroid,11763,3227,2515,7.633
PHerc0211,centroid,11879,3239,2464,8.131
PHerc0211,centroid,12067,3200,2406,9.227
PHerc0211,centroid,12235,3210,2398,9.632
PHerc0211,centroid,12372,3176,2408,10.177
PHerc0211,centroid,12540,3110,2376,11.287
PHerc0211,centroid,12689,3115,2356,11.744
PHerc0211,centroid,12876,3153,2426,11.45
PHerc0211,centroid,13200,3464,2367,9.915
PHerc0211,centroid,13366,4484,2846,3.907
PHerc0211,centroid,13911,4561,3331,4.855
PHerc0211,centroid,14231,4632,3515,6.01
PHerc0211,centroid,14521,4692,3514,7.055
PHerc0211,centroid,14698,4739,3384,7.9
PHerc0211,centroid,14899,4804,3431,8.904
PHerc0211,centroid,15142,4662,3378,8.399
PHerc0211,centroid,15450,4472,3502,7.255
PHerc0211,centroid,15752,4241,3702,5.62
PHerc0211,centroid,16052,2492,4182,10.525
PHerc0211,centroid,16066,4164,3779,5.619
PHerc0211,centroid,16290,2529,4289,9.929
PHerc0211,centroid,16564,2500,4411,9.704
PHerc0211,centroid,16911,2607,4497,8.198
PHerc0211,centroid,17459,2981,4811,4.427
PHerc0211,centroid,17712,3159,4915,2.638
PHerc0211,plateau_centroid,1702,4643,5505,4.08
PHerc0211,plateau_centroid,1806,4601,5521,3.07
PHerc0211,plateau_centroid,1895,4602,5530,2.436
PHerc0211,plateau_centroid,2026,4585,5518,3.347
PHerc0211,plateau_centroid,2170,4549,5461,4.258
PHerc0211,plateau_centroid,2276,4524,5376,4.522
PHerc0211,plateau_centroid,2430,4470,5309,4.07
PHerc0211,plateau_centroid,2507,4448,5274,3.855
PHerc0211,plateau_centroid,2653,4396,5221,3.576
PHerc0211,plateau_centroid,2758,4342,5121,3.157
PHerc0211,plateau_centroid,2842,4347,5024,3.019
PHerc0211,plateau_centroid,2968,4266,4928,2.669
PHerc0211,plateau_centroid,3083,4227,4825,2.345
PHerc0211,plateau_centroid,3247,4131,4681,1.563
PHerc0211,plateau_centroid,3387,4082,4588,1.503
PHerc0211,plateau_centroid,3529,4047,4504,2.167
PHerc0211,plateau_centroid,3714,3987,4363,2.905
PHerc0211,plateau_centroid,3818,3912,4185,2.015
PHerc0211,plateau_centroid,3955,3884,4116,1.301
PHerc0211,plateau_centroid,4187,3851,4015,1.443
PHerc0211,plateau_centroid,4392,3755,3951,1.907
PHerc0211,plateau_centroid,4512,3703,3922,2.183
PHerc0211,plateau_centroid,4752,3703,3843,1.838
PHerc0211,plateau_centroid,4946,3532,3958,3.046
PHerc0211,plateau_centroid,5013,3507,3983,3.338
PHerc0211,plateau_centroid,5215,3539,3968,3.245
PHerc0211,plateau_centroid,5323,3588,3877,3.031
PHerc0211,plateau_centroid,5439,3522,3802,3.971
PHerc0211,plateau_centroid,5635,3522,3924,4.183
PHerc0211,plateau_centroid,5740,3517,3935,3.927
PHerc0211,plateau_centroid,6007,3527,3905,3.052
PHerc0211,plateau_centroid,6215,3510,3921,2.928
PHerc0211,plateau_centroid,6375,3522,3883,1.969
PHerc0211,plateau_centroid,6529,3508,3892,1.409
PHerc0211,plateau_centroid,6745,3501,3858,1.227
PHerc0211,plateau_centroid,6991,3439,3850,2.159
PHerc0211,plateau_centroid,7203,3439,3828,1.788
PHerc0211,plateau_centroid,7471,3432,3784,1.073
PHerc0211,plateau_centroid,7746,3454,3725,0.47
PHerc0211,plateau_centroid,7982,3450,3763,1.11
PHerc0211,plateau_centroid,8147,3435,3765,1.26
PHerc0211,plateau_centroid,8407,3431,3750,1.233
PHerc0211,plateau_centroid,8620,3417,3718,1.183
PHerc0211,plateau_centroid,8913,3406,3675,0.98
PHerc0211,plateau_centroid,9244,3411,3611,0.32
PHerc0211,plateau_centroid,9497,3423,3566,0.52
PHerc0211,plateau_centroid,9707,3425,3582,1.461
PHerc0211,plateau_centroid,9912,3424,3518,1.749
PHerc0211,plateau_centroid,10106,3414,3428,1.077
PHerc0211,plateau_centroid,10300,3424,3326,0.635
PHerc0211,plateau_centroid,10481,3447,3192,0.236
PHerc0211,plateau_centroid,10675,3451,3028,0.938
PHerc0211,plateau_centroid,10826,3451,2938,1.625
PHerc0211,plateau_centroid,11032,3434,2888,1.598
PHerc0211,plateau_centroid,11159,3443,2978,0.205
PHerc0211,plateau_centroid,11289,3414,3071,1.456
PHerc0211,plateau_centroid,11376,3380,2838,1.999
PHerc0211,plateau_centroid,11496,3366,2750,2.972
PHerc0211,plateau_centroid,11631,3302,2604,4.719
PHerc0211,plateau_centroid,11763,3227,2515,5.889
PHerc0211,plateau_centroid,11879,3239,2464,5.984
PHerc0211,plateau_centroid,12067,3200,2406,6.534
PHerc0211,plateau_centroid,12235,3210,2398,7.98
PHerc0211,plateau_centroid,12372,3176,2408,9.442
PHerc0211,plateau_centroid,12540,3110,2376,11.246
PHerc0211,plateau_centroid,12689,3115,2356,12.118
PHerc0211,plateau_centroid,12876,3153,2426,11.9
PHerc0211,plateau_centroid,13200,3464,2367,10.015
PHerc0211,plateau_centroid,13366,4484,2846,2.737
PHerc0211,plateau_centroid,13911,4561,3331,5.317
PHerc0211,plateau_centroid,14231,4632,3515,6.153
PHerc0211,plateau_centroid,14521,4692,3514,7.458
PHerc0211,plateau_centroid,14698,4739,3384,8.22
PHerc0211,plateau_centroid,14899,4804,3431,9.309
PHerc0211,plateau_centroid,15142,4662,3378,9.582
PHerc0211,plateau_centroid,15450,4472,3502,8.869
PHerc0211,plateau_centroid,15752,4241,3702,6.698
PHerc0211,plateau_centroid,16052,2492,4182,8.921
PHerc0211,plateau_centroid,16066,4164,3779,7.174
PHerc0211,plateau_centroid,16290,2529,4289,9.362
PHerc0211,plateau_centroid,16564,2500,4411,9.27
PHerc0211,plateau_centroid,16911,2607,4497,7.538
PHerc0211,plateau_centroid,17459,2981,4811,3.939
PHerc0211,plateau_centroid,17712,3159,4915,2.093
PHerc0211,plateau_nearest_centroid,1702,4643,5505,5.933
PHerc0211,plateau_nearest_centroid,1806,4601,5521,4.877
PHerc0211,plateau_nearest_centroid,1895,4602,5530,4.201
PHerc0211,plateau_nearest_centroid,2026,4585,5518,4.85
PHerc0211,plateau_nearest_centroid,2170,4549,5461,5.494
PHerc0211,plateau_nearest_centroid,2276,4524,5376,5.649
PHerc0211,plateau_nearest_centroid,2430,4470,5309,4.999
PHerc0211,plateau_nearest_centroid,2507,4448,5274,4.705
PHerc0211,plateau_nearest_centroid,2653,4396,5221,4.224
PHerc0211,plateau_nearest_centroid,2758,4342,5121,3.769
PHerc0211,plateau_nearest_centroid,2842,4347,5024,3.695
PHerc0211,plateau_nearest_centroid,2968,4266,4928,3.158
PHerc0211,plateau_nearest_centroid,3083,4227,4825,2.796
PHerc0211,plateau_nearest_centroid,3247,4131,4681,1.964
PHerc0211,plateau_nearest_centroid,3387,4082,4588,1.697
PHerc0211,plateau_nearest_centroid,3529,4047,4504,1.654
PHerc0211,plateau_nearest_centroid,3714,3987,4363,1.532
PHerc0211,plateau_nearest_centroid,3818,3912,4185,1.874
PHerc0211,plateau_nearest_centroid,3955,3884,4116,1.9
PHerc0211,plateau_nearest_centroid,4187,3851,4015,1.865
PHerc0211,plateau_nearest_centroid,4392,3755,3951,1.478
PHerc0211,plateau_nearest_centroid,4512,3703,3922,1.474
PHerc0211,plateau_nearest_centroid,4752,3703,3843,1.877
PHerc0211,plateau_nearest_centroid,4946,3532,3958,1.6
PHerc0211,plateau_nearest_centroid,5013,3507,3983,1.749
PHerc0211,plateau_nearest_centroid,5215,3539,3968,1.416
PHerc0211,plateau_nearest_centroid,5323,3588,3877,0.953
PHerc0211,plateau_nearest_centroid,5439,3522,3802,1.528
PHerc0211,plateau_nearest_centroid,5635,3522,3924,1.747
PHerc0211,plateau_nearest_centroid,5740,3517,3935,1.666
PHerc0211,plateau_nearest_centroid,6007,3527,3905,0.984
PHerc0211,plateau_nearest_centroid,6215,3510,3921,1.01
PHerc0211,plateau_nearest_centroid,6375,3522,3883,0.604
PHerc0211,plateau_nearest_centroid,6529,3508,3892,0.793
PHerc0211,plateau_nearest_centroid,6745,3501,3858,0.697
PHerc0211,plateau_nearest_centroid,6991,3439,3850,0.363
PHerc0211,plateau_nearest_centroid,7203,3439,3828,0.314
PHerc0211,plateau_nearest_centroid,7471,3432,3784,0.24
PHerc0211,plateau_nearest_centroid,7746,3454,3725,0.345
PHerc0211,plateau_nearest_centroid,7982,3450,3763,0.164
PHerc0211,plateau_nearest_centroid,8147,3435,3765,0.265
PHerc0211,plateau_nearest_centroid,8407,3431,3750,0.377
PHerc0211,plateau_nearest_centroid,8620,3417,3718,0.532
PHerc0211,plateau_nearest_centroid,8913,3406,3675,0.461
PHerc0211,plateau_nearest_centroid,9244,3411,3611,0.552
PHerc0211,plateau_nearest_centroid,9497,3423,3566,0.355
PHerc0211,plateau_nearest_centroid,9707,3425,3582,0.526
PHerc0211,plateau_nearest_centroid,9912,3424,3518,0.594
PHerc0211,plateau_nearest_centroid,10106,3414,3428,0.754
PHerc0211,plateau_nearest_centroid,10300,3424,3326,1.177
PHerc0211,plateau_nearest_centroid,10481,3447,3192,1.225
PHerc0211,plateau_nearest_centroid,10675,3451,3028,1.883
PHerc0211,plateau_nearest_centroid,10826,3451,2938,2.429
PHerc0211,plateau_nearest_centroid,11032,3434,2888,2.837
PHerc0211,plateau_nearest_centroid,11159,3443,2978,2.569
PHerc0211,plateau_nearest_centroid,11289,3414,3071,3.215
PHerc0211,plateau_nearest_centroid,11376,3380,2838,4.092
PHerc0211,plateau_nearest_centroid,11496,3366,2750,4.802
PHerc0211,plateau_nearest_centroid,11631,3302,2604,6.279
PHerc0211,plateau_nearest_centroid,11763,3227,2515,7.491
PHerc0211,plateau_nearest_centroid,11879,3239,2464,7.771
PHerc0211,plateau_nearest_centroid,12067,3200,2406,8.561
PHerc0211,plateau_nearest_centroid,12235,3210,2398,9.286
PHerc0211,plateau_nearest_centroid,12372,3176,2408,10.095
PHerc0211,plateau_nearest_centroid,12540,3110,2376,11.289
PHerc0211,plateau_nearest_centroid,12689,3115,2356,11.728
PHerc0211,plateau_nearest_centroid,12876,3153,2426,11.431
PHerc0211,plateau_nearest_centroid,13200,3464,2367,9.918
PHerc0211,plateau_nearest_centroid,13366,4484,2846,3.876
PHerc0211,plateau_nearest_centroid,13911,4561,3331,4.852
PHerc0211,plateau_nearest_centroid,14231,4632,3515,6.011
PHerc0211,plateau_nearest_centroid,14521,4692,3514,7.045
PHerc0211,plateau_nearest_centroid,14698,4739,3384,7.884
PHerc0211,plateau_nearest_centroid,14899,4804,3431,8.88
PHerc0211,plateau_nearest_centroid,15142,4662,3378,8.378
PHerc0211,plateau_nearest_centroid,15450,4472,3502,7.252
PHerc0211,plateau_nearest_centroid,15752,4241,3702,5.638
PHerc0211,plateau_nearest_centroid,16052,2492,4182,10.532
PHerc0211,plateau_nearest_centroid,16066,4164,3779,5.611
PHerc0211,plateau_nearest_centroid,16290,2529,4289,9.924
PHerc0211,plateau_nearest_centroid,16564,2500,4411,9.695
PHerc0211,plateau_nearest_centroid,16911,2607,4497,8.202
PHerc0211,plateau_nearest_centroid,17459,2981,4811,4.418
PHerc0211,plateau_nearest_centroid,17712,3159,4915,2.627
PHerc0211,argmax+hampel,2276,4524,5376,4.7
PHerc0211,argmax+hampel,2430,4470,5309,4.489
PHerc0211,argmax+hampel,2507,4448,5274,4.406
PHerc0211,argmax+hampel,2653,4396,5221,4.42
PHerc0211,argmax+hampel,2758,4342,5121,3.877
PHerc0211,argmax+hampel,2842,4347,5024,3.585
PHerc0211,argmax+hampel,2968,4266,4928,3.237
PHerc0211,argmax+hampel,3083,4227,4825,3.165
PHerc0211,argmax+hampel,3247,4131,4681,3.039
PHerc0211,argmax+hampel,3387,4082,4588,3.375
PHerc0211,argmax+hampel,3529,4047,4504,3.456
PHerc0211,argmax+hampel,3714,3987,4363,3.419
PHerc0211,argmax+hampel,3818,3912,4185,2.745
PHerc0211,argmax+hampel,3955,3884,4116,2.17
PHerc0211,argmax+hampel,4187,3851,4015,1.269
PHerc0211,argmax+hampel,4392,3755,3951,0.48
PHerc0211,argmax+hampel,4512,3703,3922,0.721
PHerc0211,argmax+hampel,4752,3703,3843,1.024
PHerc0211,argmax+hampel,4946,3532,3958,0.97
PHerc0211,argmax+hampel,5013,3507,3983,1.398
PHerc0211,argmax+hampel,5215,3539,3968,1.518
PHerc0211,argmax+hampel,5323,3588,3877,1.163
PHerc0211,argmax+hampel,5439,3522,3802,2.251
PHerc0211,argmax+hampel,5635,3522,3924,3.35
PHerc0211,argmax+hampel,5740,3517,3935,3.921
PHerc0211,argmax+hampel,6007,3527,3905,4.444
PHerc0211,argmax+hampel,6215,3510,3921,4.603
PHerc0211,argmax+hampel,6375,3522,3883,3.741
PHerc0211,argmax+hampel,6529,3508,3892,3.02
PHerc0211,argmax+hampel,6745,3501,3858,1.498
PHerc0211,argmax+hampel,6991,3439,3850,2.14
PHerc0211,argmax+hampel,7203,3439,3828,1.859
PHerc0211,argmax+hampel,7471,3432,3784,1.413
PHerc0211,argmax+hampel,7746,3454,3725,1.063
PHerc0211,argmax+hampel,7982,3450,3763,1.333
PHerc0211,argmax+hampel,8147,3435,3765,1.615
PHerc0211,argmax+hampel,8407,3431,3750,1.611
PHerc0211,argmax+hampel,8620,3417,3718,1.402
PHerc0211,argmax+hampel,8913,3406,3675,1.119
PHerc0211,argmax+hampel,9244,3411,3611,1.376
PHerc0211,argmax+hampel,9497,3423,3566,1.117
PHerc0211,argmax+hampel,9707,3425,3582,1.929
PHerc0211,argmax+hampel,9912,3424,3518,2.219
PHerc0211,argmax+hampel,10106,3414,3428,1.917
PHerc0211,argmax+hampel,10300,3424,3326,1.513
PHerc0211,argmax+hampel,10481,3447,3192,0.43
PHerc0211,argmax+hampel,10675,3451,3028,0.693
PHerc0211,argmax+hampel,10826,3451,2938,1.423
PHerc0211,argmax+hampel,11032,3434,2888,1.549
PHerc0211,argmax+hampel,11159,3443,2978,0.81
PHerc0211,argmax+hampel,11289,3414,3071,1.331
PHerc0211,argmax+hampel,11376,3380,2838,0.921
PHerc0211,argmax+hampel,11496,3366,2750,2.253
PHerc0211,argmax+hampel,11631,3302,2604,4.388
PHerc0211,argmax+hampel,11763,3227,2515,6.197
PHerc0211,argmax+hampel,11879,3239,2464,7.098
PHerc0211,argmax+hampel,12067,3200,2406,8.809
PHerc0211,argmax+hampel,12235,3210,2398,9.774
PHerc0211,argmax+hampel,12372,3176,2408,10.804
PHerc0211,argmax+hampel,12540,3110,2376,11.771
PHerc0211,argmax+hampel,12689,3115,2356,11.799
PHerc0211,argmax+hampel,12876,3153,2426,11.081
PHerc0211,argmax+hampel,13200,3464,2367,9.379
PHerc0211,argmax+hampel,13366,4484,2846,3.651
PHerc0211,argmax+hampel,13911,4561,3331,6.675
PHerc0211,argmax+hampel,14231,4632,3515,6.55
PHerc0211,argmax+hampel,14521,4692,3514,8.399
PHerc0211,argmax+hampel,14698,4739,3384,9.95
PHerc0211,argmax+hampel,14899,4804,3431,10.819
PHerc0211,argmax+hampel,15142,4662,3378,11.057
PHerc0211,argmax+hampel,15450,4472,3502,10.248
PHerc0211,argmax+hampel,15752,4241,3702,7.963
PHerc0211,argmax+hampel,16052,2492,4182,9.275
PHerc0211,argmax+hampel,16066,4164,3779,6.808
PHerc0211,argmax+hampel,16290,2529,4289,9.586
PHerc0211,argmax+hampel,16564,2500,4411,9.239
PHerc0211,argmax+hampel,16911,2607,4497,7.274
PHerc0211,fake_axis,1702,4643,5505,15.642
PHerc0211,fake_axis,1806,4601,5521,15.627
PHerc0211,fake_axis,1895,4602,5530,15.709
PHerc0211,fake_axis,2026,4585,5518,15.546
PHerc0211,fake_axis,2170,4549,5461,14.926
PHerc0211,fake_axis,2276,4524,5376,14.099
PHerc0211,fake_axis,2430,4470,5309,13.333
PHerc0211,fake_axis,2507,4448,5274,12.954
PHerc0211,fake_axis,2653,4396,5221,12.325
PHerc0211,fake_axis,2758,4342,5121,11.277
PHerc0211,fake_axis,2842,4347,5024,10.432
PHerc0211,fake_axis,2968,4266,4928,9.34
PHerc0211,fake_axis,3083,4227,4825,8.312
PHerc0211,fake_axis,3247,4131,4681,6.78
PHerc0211,fake_axis,3387,4082,4588,5.837
PHerc0211,fake_axis,3529,4047,4504,5.009
PHerc0211,fake_axis,3714,3987,4363,3.644
PHerc0211,fake_axis,3818,3912,4185,2.059
PHerc0211,fake_axis,3955,3884,4116,1.574
PHerc0211,fake_axis,4187,3851,4015,1.214
PHerc0211,fake_axis,4392,3755,3951,2.062
PHerc0211,fake_axis,4512,3703,3922,2.583
PHerc0211,fake_axis,4752,3703,3843,2.818
PHerc0211,fake_axis,4946,3532,3958,4.141
PHerc0211,fake_axis,5013,3507,3983,4.373
PHerc0211,fake_axis,5215,3539,3968,4.073
PHerc0211,fake_axis,5323,3588,3877,3.726
PHerc0211,fake_axis,5439,3522,3802,4.528
PHerc0211,fake_axis,5635,3522,3924,4.257
PHerc0211,fake_axis,5740,3517,3935,4.294
PHerc0211,fake_axis,6007,3527,3905,4.234
PHerc0211,fake_axis,6215,3510,3921,4.372
PHerc0211,fake_axis,6375,3522,3883,4.317
PHerc0211,fake_axis,6529,3508,3892,4.43
PHerc0211,fake_axis,6745,3501,3858,4.559
PHerc0211,fake_axis,6991,3439,3850,5.141
PHerc0211,fake_axis,7203,3439,3828,5.192
PHerc0211,fake_axis,7471,3432,3784,5.377
PHerc0211,fake_axis,7746,3454,3725,5.398
PHerc0211,fake_axis,7982,3450,3763,5.288
PHerc0211,fake_axis,8147,3435,3765,5.412
PHerc0211,fake_axis,8407,3431,3750,5.499
PHerc0211,fake_axis,8620,3417,3718,5.739
PHerc0211,fake_axis,8913,3406,3675,6.009
PHerc0211,fake_axis,9244,3411,3611,6.271
PHerc0211,fake_axis,9497,3423,3566,6.419
PHerc0211,fake_axis,9707,3425,3582,6.315
PHerc0211,fake_axis,9912,3424,3518,6.689
PHerc0211,fake_axis,10106,3414,3428,7.322
PHerc0211,fake_axis,10300,3424,3326,7.957
PHerc0211,fake_axis,10481,3447,3192,8.828
PHerc0211,fake_axis,10675,3451,3028,10.12
PHerc0211,fake_axis,10826,3451,2938,10.865
PHerc0211,fake_axis,11032,3434,2888,11.355
PHerc0211,fake_axis,11159,3443,2978,10.567
PHerc0211,fake_axis,11289,3414,3071,9.948
PHerc0211,fake_axis,11376,3380,2838,12.001
PHerc0211,fake_axis,11496,3366,2750,12.795
PHerc0211,fake_axis,11631,3302,2604,14.286
PHerc0211,fake_axis,11763,3227,2515,15.345
PHerc0211,fake_axis,11879,3239,2464,15.722
PHerc0211,fake_axis,12067,3200,2406,16.371
PHerc0211,fake_axis,12235,3210,2398,16.397
PHerc0211,fake_axis,12372,3176,2408,16.455
PHerc0211,fake_axis,12540,3110,2376,17.007
PHerc0211,fake_axis,12689,3115,2356,17.15
PHerc0211,fake_axis,12876,3153,2426,16.404
PHerc0211,fake_axis,13200,3464,2367,15.784
PHerc0211,fake_axis,13366,4484,2846,11.59
PHerc0211,fake_axis,13911,4561,3331,8.151
PHerc0211,fake_axis,14231,4632,3515,7.511
PHerc0211,fake_axis,14521,4692,3514,7.983
PHerc0211,fake_axis,14698,4739,3384,9.045
PHerc0211,fake_axis,14899,4804,3431,9.286
PHerc0211,fake_axis,15142,4662,3378,8.522
PHerc0211,fake_axis,15450,4472,3502,6.424
PHerc0211,fake_axis,15752,4241,3702,3.568
PHerc0211,fake_axis,16052,2492,4182,14.01
PHerc0211,fake_axis,16066,4164,3779,2.549
PHerc0211,fake_axis,16290,2529,4289,13.846
PHerc0211,fake_axis,16564,2500,4411,14.393
PHerc0211,fake_axis,16911,2607,4497,13.703
PHerc0211,fake_axis,17459,2981,4811,12.158
PHerc0211,fake_axis,17712,3159,4915,11.654
PHerc0826,argmax,1941,5231,4456,12.283
PHerc0826,argmax,2514,5215,4162,2.551
PHerc0826,argmax,3005,5149,3884,0.607
PHerc0826,argmax,3211,5185,3791,0.798
PHerc0826,argmax,3634,5159,3539,0.85
PHerc0826,argmax,3954,5103,3575,1.568
PHerc0826,argmax,4346,4973,3585,5.073
PHerc0826,argmax,4619,5004,3606,8.687
PHerc0826,argmax,5011,4777,4048,3.752
PHerc0826,argmax,5434,4792,4250,2.373
PHerc0826,argmax,5671,4854,4239,4.639
PHerc0826,argmax,5981,4777,4291,6.418
PHerc0826,argmax,6379,4384,4208,5.379
PHerc0826,argmax,6704,4141,4410,3.307
PHerc0826,argmax,6921,4001,4663,4.988
PHerc0826,argmax,7092,3800,4684,4.938
PHerc0826,argmax,7571,3154,4410,2.868
PHerc0826,argmax,7736,3391,4352,1.116
PHerc0826,argmax,7978,3324,4296,3.664
PHerc0826,argmax,8324,3314,4316,3.908
PHerc0826,argmax,8601,3461,4243,11.541
PHerc0826,argmax,8819,3396,4291,6.206
PHerc0826,argmax,9040,3346,4424,7.009
PHerc0826,argmax,9212,3476,4808,3.41
PHerc0826,argmax,9329,3517,5388,3.889
PHerc0826,argmax,9471,3492,5696,6.706
PHerc0826,argmax,9662,3517,5594,5.373
PHerc0826,argmax,9971,3602,5407,5.196
PHerc0826,argmax,10129,3602,5333,2.628
PHerc0826,argmax,10466,3659,5358,11.609
PHerc0826,argmax,10864,3744,5366,8.354
PHerc0826,argmax,11303,3785,5285,2.489
PHerc0826,argmax,11632,3870,5132,1.635
PHerc0826,argmax,11949,3927,5043,4.017
PHerc0826,argmax,12367,4029,4877,5.242
PHerc0826,argmax,12846,4118,4829,1.403
PHerc0826,argmax,13411,4216,4756,8.913
PHerc0826,argmax,13687,4247,4654,3.867
PHerc0826,argmax,13982,4298,4532,5.623
PHerc0826,argmax,14271,4460,4438,3.455
PHerc0826,argmax,14525,4511,4337,3.89
PHerc0826,argmax,14723,4577,4259,3.033
PHerc0826,argmax,14974,4653,4059,1.429
PHerc0826,argmax,15175,4744,3854,2.134
PHerc0826,argmax,15421,4599,3787,1.532
PHerc0826,centroid,1941,5231,4456,3.834
PHerc0826,centroid,2514,5215,4162,1.855
PHerc0826,centroid,3005,5149,3884,3.003
PHerc0826,centroid,3211,5185,3791,3.116
PHerc0826,centroid,3634,5159,3539,3.004
PHerc0826,centroid,3954,5103,3575,3.885
PHerc0826,centroid,4346,4973,3585,5.701
PHerc0826,centroid,4619,5004,3606,7.347
PHerc0826,centroid,5011,4777,4048,5.789
PHerc0826,centroid,5434,4792,4250,7.778
PHerc0826,centroid,5671,4854,4239,9.57
PHerc0826,centroid,5981,4777,4291,10.173
PHerc0826,centroid,6379,4384,4208,7.514
PHerc0826,centroid,6704,4141,4410,6.638
PHerc0826,centroid,6921,4001,4663,6.207
PHerc0826,centroid,7092,3800,4684,5.012
PHerc0826,centroid,7571,3154,4410,1.759
PHerc0826,centroid,7736,3391,4352,0.909
PHerc0826,centroid,7978,3324,4296,1.438
PHerc0826,centroid,8324,3314,4316,3.026
PHerc0826,centroid,8601,3461,4243,4.873
PHerc0826,centroid,8819,3396,4291,4.98
PHerc0826,centroid,9040,3346,4424,4.416
PHerc0826,centroid,9212,3476,4808,1.791
PHerc0826,centroid,9329,3517,5388,4.254
PHerc0826,centroid,9471,3492,5696,6.865
PHerc0826,centroid,9662,3517,5594,5.855
PHerc0826,centroid,9971,3602,5407,3.925
PHerc0826,centroid,10129,3602,5333,2.898
PHerc0826,centroid,10466,3659,5358,3.333
PHerc0826,centroid,10864,3744,5366,6.009
PHerc0826,centroid,11303,3785,5285,3.512
PHerc0826,centroid,11632,3870,5132,2.217
PHerc0826,centroid,11949,3927,5043,1.762
PHerc0826,centroid,12367,4029,4877,1.102
PHerc0826,centroid,12846,4118,4829,1.207
PHerc0826,centroid,13411,4216,4756,1.735
PHerc0826,centroid,13687,4247,4654,2.039
PHerc0826,centroid,13982,4298,4532,2.205
PHerc0826,centroid,14271,4460,4438,1.954
PHerc0826,centroid,14525,4511,4337,1.782
PHerc0826,centroid,14723,4577,4259,1.644
PHerc0826,centroid,14974,4653,4059,0.979
PHerc0826,centroid,15175,4744,3854,0.979
PHerc0826,centroid,15421,4599,3787,1.672
PHerc0826,plateau_centroid,1941,5231,4456,7.951
PHerc0826,plateau_centroid,2514,5215,4162,1.772
PHerc0826,plateau_centroid,3005,5149,3884,0.56
PHerc0826,plateau_centroid,3211,5185,3791,0.76
PHerc0826,plateau_centroid,3634,5159,3539,0.989
PHerc0826,plateau_centroid,3954,5103,3575,0.641
PHerc0826,plateau_centroid,4346,4973,3585,4.913
PHerc0826,plateau_centroid,4619,5004,3606,8.704
PHerc0826,plateau_centroid,5011,4777,4048,4.197
PHerc0826,plateau_centroid,5434,4792,4250,1.695
PHerc0826,plateau_centroid,5671,4854,4239,6.582
PHerc0826,plateau_centroid,5981,4777,4291,7.785
PHerc0826,plateau_centroid,6379,4384,4208,6.4
PHerc0826,plateau_centroid,6704,4141,4410,4.626
PHerc0826,plateau_centroid,6921,4001,4663,5.595
PHerc0826,plateau_centroid,7092,3800,4684,5.247
PHerc0826,plateau_centroid,7571,3154,4410,1.141
PHerc0826,plateau_centroid,7736,3391,4352,1.929
PHerc0826,plateau_centroid,7978,3324,4296,3.163
PHerc0826,plateau_centroid,8324,3314,4316,4.784
PHerc0826,plateau_centroid,8601,3461,4243,11.612
PHerc0826,plateau_centroid,8819,3396,4291,6.367
PHerc0826,plateau_centroid,9040,3346,4424,5.637
PHerc0826,plateau_centroid,9212,3476,4808,2.628
PHerc0826,plateau_centroid,9329,3517,5388,3.829
PHerc0826,plateau_centroid,9471,3492,5696,6.312
PHerc0826,plateau_centroid,9662,3517,5594,4.812
PHerc0826,plateau_centroid,9971,3602,5407,1.902
PHerc0826,plateau_centroid,10129,3602,5333,1.069
PHerc0826,plateau_centroid,10466,3659,5358,7.979
PHerc0826,plateau_centroid,10864,3744,5366,9.997
PHerc0826,plateau_centroid,11303,3785,5285,4.43
PHerc0826,plateau_centroid,11632,3870,5132,1.165
PHerc0826,plateau_centroid,11949,3927,5043,0.642
PHerc0826,plateau_centroid,12367,4029,4877,2.037
PHerc0826,plateau_centroid,12846,4118,4829,2.235
PHerc0826,plateau_centroid,13411,4216,4756,5.392
PHerc0826,plateau_centroid,13687,4247,4654,7.073
PHerc0826,plateau_centroid,13982,4298,4532,5.91
PHerc0826,plateau_centroid,14271,4460,4438,4.253
PHerc0826,plateau_centroid,14525,4511,4337,3.719
PHerc0826,plateau_centroid,14723,4577,4259,3.064
PHerc0826,plateau_centroid,14974,4653,4059,2.567
PHerc0826,plateau_centroid,15175,4744,3854,3.16
PHerc0826,plateau_centroid,15421,4599,3787,1.683
PHerc0826,plateau_nearest_centroid,1941,5231,4456,3.887
PHerc0826,plateau_nearest_centroid,2514,5215,4162,1.815
PHerc0826,plateau_nearest_centroid,3005,5149,3884,2.471
PHerc0826,plateau_nearest_centroid,3211,5185,3791,2.138
PHerc0826,plateau_nearest_centroid,3634,5159,3539,2.193
PHerc0826,plateau_nearest_centroid,3954,5103,3575,3.273
PHerc0826,plateau_nearest_centroid,4346,4973,3585,5.383
PHerc0826,plateau_nearest_centroid,4619,5004,3606,7.356
PHerc0826,plateau_nearest_centroid,5011,4777,4048,5.781
PHerc0826,plateau_nearest_centroid,5434,4792,4250,5.242
PHerc0826,plateau_nearest_centroid,5671,4854,4239,8.691
PHerc0826,plateau_nearest_centroid,5981,4777,4291,9.976
PHerc0826,plateau_nearest_centroid,6379,4384,4208,7.5
PHerc0826,plateau_nearest_centroid,6704,4141,4410,6.427
PHerc0826,plateau_nearest_centroid,6921,4001,4663,6.063
PHerc0826,plateau_nearest_centroid,7092,3800,4684,4.987
PHerc0826,plateau_nearest_centroid,7571,3154,4410,1.784
PHerc0826,plateau_nearest_centroid,7736,3391,4352,0.881
PHerc0826,plateau_nearest_centroid,7978,3324,4296,1.444
PHerc0826,plateau_nearest_centroid,8324,3314,4316,4.267
PHerc0826,plateau_nearest_centroid,8601,3461,4243,8.603
PHerc0826,plateau_nearest_centroid,8819,3396,4291,5.594
PHerc0826,plateau_nearest_centroid,9040,3346,4424,4.337
PHerc0826,plateau_nearest_centroid,9212,3476,4808,1.584
PHerc0826,plateau_nearest_centroid,9329,3517,5388,4.358
PHerc0826,plateau_nearest_centroid,9471,3492,5696,6.895
PHerc0826,plateau_nearest_centroid,9662,3517,5594,5.077
PHerc0826,plateau_nearest_centroid,9971,3602,5407,2.473
PHerc0826,plateau_nearest_centroid,10129,3602,5333,1.822
PHerc0826,plateau_nearest_centroid,10466,3659,5358,3.438
PHerc0826,plateau_nearest_centroid,10864,3744,5366,5.932
PHerc0826,plateau_nearest_centroid,11303,3785,5285,2.05
PHerc0826,plateau_nearest_centroid,11632,3870,5132,2.349
PHerc0826,plateau_nearest_centroid,11949,3927,5043,0.904
PHerc0826,plateau_nearest_centroid,12367,4029,4877,0.94
PHerc0826,plateau_nearest_centroid,12846,4118,4829,0.397
PHerc0826,plateau_nearest_centroid,13411,4216,4756,0.58
PHerc0826,plateau_nearest_centroid,13687,4247,4654,1.62
PHerc0826,plateau_nearest_centroid,13982,4298,4532,1.826
PHerc0826,plateau_nearest_centroid,14271,4460,4438,1.037
PHerc0826,plateau_nearest_centroid,14525,4511,4337,0.802
PHerc0826,plateau_nearest_centroid,14723,4577,4259,0.909
PHerc0826,plateau_nearest_centroid,14974,4653,4059,0.772
PHerc0826,plateau_nearest_centroid,15175,4744,3854,1.051
PHerc0826,plateau_nearest_centroid,15421,4599,3787,0.864
PHerc0826,argmax+hampel,1941,5231,4456,4.217
PHerc0826,argmax+hampel,2514,5215,4162,2.551
PHerc0826,argmax+hampel,3005,5149,3884,0.607
PHerc0826,argmax+hampel,3211,5185,3791,0.798
PHerc0826,argmax+hampel,3634,5159,3539,0.85
PHerc0826,argmax+hampel,3954,5103,3575,1.568
PHerc0826,argmax+hampel,4346,4973,3585,2.867
PHerc0826,argmax+hampel,4619,5004,3606,4.908
PHerc0826,argmax+hampel,5011,4777,4048,3.752
PHerc0826,argmax+hampel,5434,4792,4250,2.373
PHerc0826,argmax+hampel,5671,4854,4239,4.639
PHerc0826,argmax+hampel,5981,4777,4291,6.418
PHerc0826,argmax+hampel,6379,4384,4208,5.379
PHerc0826,argmax+hampel,6704,4141,4410,3.307
PHerc0826,argmax+hampel,6921,4001,4663,4.988
PHerc0826,argmax+hampel,7092,3800,4684,4.938
PHerc0826,argmax+hampel,7571,3154,4410,2.868
PHerc0826,argmax+hampel,7736,3391,4352,1.116
PHerc0826,argmax+hampel,7978,3324,4296,3.664
PHerc0826,argmax+hampel,8324,3314,4316,4.806
PHerc0826,argmax+hampel,8601,3461,4243,5.807
PHerc0826,argmax+hampel,8819,3396,4291,7.149
PHerc0826,argmax+hampel,9040,3346,4424,7.009
PHerc0826,argmax+hampel,9212,3476,4808,3.41
PHerc0826,argmax+hampel,9329,3517,5388,3.889
PHerc0826,argmax+hampel,9471,3492,5696,6.706
PHerc0826,argmax+hampel,9662,3517,5594,5.875
PHerc0826,argmax+hampel,9971,3602,5407,5.088
PHerc0826,argmax+hampel,10129,3602,5333,5.326
PHerc0826,argmax+hampel,10466,3659,5358,6.494
PHerc0826,argmax+hampel,10864,3744,5366,7.584
PHerc0826,argmax+hampel,11303,3785,5285,5.778
PHerc0826,argmax+hampel,11632,3870,5132,4.797
PHerc0826,argmax+hampel,11949,3927,5043,4.017
PHerc0826,argmax+hampel,12367,4029,4877,2.783
PHerc0826,argmax+hampel,12846,4118,4829,0.576
PHerc0826,argmax+hampel,13411,4216,4756,2.303
PHerc0826,argmax+hampel,13687,4247,4654,3.867
PHerc0826,argmax+hampel,13982,4298,4532,5.623
PHerc0826,argmax+hampel,14271,4460,4438,3.455
PHerc0826,argmax+hampel,14525,4511,4337,3.89
PHerc0826,argmax+hampel,14723,4577,4259,3.033
PHerc0826,argmax+hampel,14974,4653,4059,1.429
PHerc0826,argmax+hampel,15175,4744,3854,2.134
PHerc0826,argmax+hampel,15421,4599,3787,1.532
PHerc0826,fake_axis,1941,5231,4456,11.283
PHerc0826,fake_axis,2514,5215,4162,10.609
PHerc0826,fake_axis,3005,5149,3884,10.141
PHerc0826,fake_axis,3211,5185,3791,10.663
PHerc0826,fake_axis,3634,5159,3539,11.282
PHerc0826,fake_axis,3954,5103,3575,10.662
PHerc0826,fake_axis,4346,4973,3585,9.543
PHerc0826,fake_axis,4619,5004,3606,9.704
PHerc0826,fake_axis,5011,4777,4048,6.492
PHerc0826,fake_axis,5434,4792,4250,6.802
PHerc0826,fake_axis,5671,4854,4239,7.348
PHerc0826,fake_axis,5981,4777,4291,6.765
PHerc0826,fake_axis,6379,4384,4208,3.033
PHerc0826,fake_axis,6704,4141,4410,3.093
PHerc0826,fake_axis,6921,4001,4663,5.472
PHerc0826,fake_axis,7092,3800,4684,6.212
PHerc0826,fake_axis,7571,3154,4410,9.229
PHerc0826,fake_axis,7736,3391,4352,6.959
PHerc0826,fake_axis,7978,3324,4296,7.39
PHerc0826,fake_axis,8324,3314,4316,7.532
PHerc0826,fake_axis,8601,3461,4243,6.023
PHerc0826,fake_axis,8819,3396,4291,6.729
PHerc0826,fake_axis,9040,3346,4424,7.609
PHerc0826,fake_axis,9212,3476,4808,8.851
PHerc0826,fake_axis,9329,3517,5388,13.31
PHerc0826,fake_axis,9471,3492,5696,16.074
PHerc0826,fake_axis,9662,3517,5594,15.098
PHerc0826,fake_axis,9971,3602,5407,13.18
PHerc0826,fake_axis,10129,3602,5333,12.531
PHerc0826,fake_axis,10466,3659,5358,12.57
PHerc0826,fake_axis,10864,3744,5366,12.414
PHerc0826,fake_axis,11303,3785,5285,11.584
PHerc0826,fake_axis,11632,3870,5132,10.01
PHerc0826,fake_axis,11949,3927,5043,9.094
PHerc0826,fake_axis,12367,4029,4877,7.438
PHerc0826,fake_axis,12846,4118,4829,6.977
PHerc0826,fake_axis,13411,4216,4756,6.406
PHerc0826,fake_axis,13687,4247,4654,5.544
PHerc0826,fake_axis,13982,4298,4532,4.642
PHerc0826,fake_axis,14271,4460,4438,4.828
PHerc0826,fake_axis,14525,4511,4337,4.64
PHerc0826,fake_axis,14723,4577,4259,4.892
PHerc0826,fake_axis,14974,4653,4059,5.328
PHerc0826,fake_axis,15175,4744,3854,6.54
PHerc0826,fake_axis,15421,4599,3787,5.564
PHerc0332,argmax,2793,8469,8293,2.167
PHerc0332,argmax,2969,8491,8278,1.927
PHerc0332,argmax,3174,8512,8264,1.665
PHerc0332,argmax,3487,8534,8249,1.786
PHerc0332,argmax,3778,8556,8235,2.206
PHerc0332,argmax,4032,8592,8221,2.362
PHerc0332,argmax,4317,8604,8216,2.011
PHerc0332,argmax,4620,8592,8180,1.709
PHerc0332,argmax,4810,8560,8163,1.735
PHerc0332,argmax,5082,8556,8128,1.995
PHerc0332,argmax,5361,8554,8208,1.815
PHerc0332,argmax,5625,8547,8277,1.449
PHerc0332,argmax,5897,8549,8345,0.985
PHerc0332,argmax,6208,8530,8337,0.33
PHerc0332,argmax,6507,8512,8325,0.502
PHerc0332,argmax,6827,8519,8277,0.504
PHerc0332,argmax,7126,8460,8277,0.686
PHerc0332,argmax,7396,8450,8257,0.691
PHerc0332,argmax,7704,8377,8282,0.619
PHerc0332,argmax,7969,8310,8265,0.847
PHerc0332,argmax,8194,8286,8248,1.042
PHerc0332,argmax,8427,8231,8268,1.037
PHerc0332,argmax,8673,8209,8354,0.803
PHerc0332,argmax,8980,8236,8339,0.822
PHerc0332,argmax,9151,8300,8417,0.628
PHerc0332,argmax,9376,8296,8531,0.695
PHerc0332,argmax,9516,8183,8534,1.042
PHerc0332,argmax,9660,8122,8548,1.31
PHerc0332,argmax,9820,8144,8591,1.433
PHerc0332,argmax,10021,8202,8611,1.503
PHerc0332,argmax,10191,8261,8568,1.504
PHerc0332,argmax,10400,8273,8548,1.48
PHerc0332,argmax,10540,8286,8514,1.43
PHerc0332,argmax,10680,8368,8437,1.195
PHerc0332,argmax,10871,8364,8408,1.199
PHerc0332,argmax,11068,8385,8397,1.187
PHerc0332,argmax,11268,8332,8411,1.361
PHerc0332,argmax,11473,8314,8388,1.433
PHerc0332,argmax,11658,8284,8391,1.434
PHerc0332,argmax,11832,8240,8400,1.479
PHerc0332,argmax,12029,8207,8451,1.487
PHerc0332,argmax,12176,8283,8516,1.331
PHerc0332,argmax,12350,8274,8473,1.461
PHerc0332,argmax,12545,8289,8480,1.553
PHerc0332,argmax,12695,8268,8473,1.701
PHerc0332,argmax,12823,8253,8480,1.669
PHerc0332,argmax,13003,8204,8468,1.673
PHerc0332,argmax,13172,8215,8483,1.545
PHerc0332,argmax,13341,8179,8471,1.536
PHerc0332,argmax,13521,8158,8436,1.32
PHerc0332,argmax,13673,8160,8427,1.097
PHerc0332,argmax,13830,8096,8414,1.036
PHerc0332,argmax,13964,8097,8377,0.941
PHerc0332,argmax,14127,8114,8383,0.943
PHerc0332,argmax,14291,8094,8351,1.072
PHerc0332,argmax,14449,8105,8380,1.049
PHerc0332,argmax,14640,8097,8389,0.994
PHerc0332,argmax,14823,8130,8420,0.607
PHerc0332,argmax,14974,8129,8386,0.667
PHerc0332,argmax,15180,8111,8389,0.901
PHerc0332,argmax,15359,8088,8417,0.794
PHerc0332,argmax,15578,8111,8474,0.541
PHerc0332,argmax,15791,8163,8518,0.364
PHerc0332,argmax,15991,8199,8562,0.25
PHerc0332,argmax,16200,8235,8634,0.287
PHerc0332,argmax,16255,8218,8612,0.218
PHerc0332,argmax,16304,8254,8634,0.315
PHerc0332,argmax,16395,8202,8574,0.122
PHerc0332,argmax,16479,8179,8511,0.042
PHerc0332,argmax,16586,8130,8471,0.26
PHerc0332,argmax,16737,8072,8408,0.587
PHerc0332,argmax,16850,7986,8348,0.926
PHerc0332,argmax,16965,7909,8320,1.204
PHerc0332,argmax,17102,7845,8270,1.499
PHerc0332,argmax,17228,7765,8251,1.695
PHerc0332,argmax,17350,7666,8229,1.952
PHerc0332,argmax,17422,7531,8248,2.256
PHerc0332,argmax,17474,7448,8242,2.468
PHerc0332,argmax,17512,7443,8191,2.53
PHerc0332,argmax,17557,7357,8179,2.751
PHerc0332,argmax,17615,7292,8223,2.897
PHerc0332,argmax,17698,7237,8229,3.059
PHerc0332,argmax,17788,7229,8220,2.936
PHerc0332,argmax,17884,7237,8179,2.683
PHerc0332,argmax,18022,7264,8191,2.248
PHerc0332,argmax,18129,7287,8229,1.889
PHerc0332,argmax,18237,7308,8220,1.56
PHerc0332,argmax,18361,7335,8204,1.183
PHerc0332,argmax,18515,7405,8191,0.945
PHerc0332,argmax,18661,7501,8194,0.654
PHerc0332,argmax,18817,7531,8173,0.528
PHerc0332,argmax,18977,7576,8119,0.391
PHerc0332,argmax,19168,7615,8116,0.58
PHerc0332,argmax,19386,7648,8116,0.832
PHerc0332,argmax,19582,7650,8063,1.198
PHerc0332,argmax,19788,7655,8082,1.037
PHerc0332,argmax,19964,7663,8016,0.973
PHerc0332,argmax,20101,7677,7984,0.889
PHerc0332,argmax,20281,7697,8012,0.746
PHerc0332,argmax,20481,7705,8041,0.86
PHerc0332,argmax,20649,7691,8000,1.117
PHerc0332,argmax,20829,7667,8019,1.278
PHerc0332,argmax,21004,7663,8060,1.27
PHerc0332,argmax,21187,7664,8085,1.268
PHerc0332,argmax,21377,7681,8122,1.226
PHerc0332,argmax,21592,7727,8125,1.182
PHerc0332,argmax,21791,7757,8094,1.202
PHerc0332,argmax,21964,7786,8038,1.276
PHerc0332,argmax,22143,7910,7981,1.251
PHerc0332,argmax,22321,7984,7994,1.127
PHerc0332,argmax,22460,8096,8113,0.763
PHerc0332,argmax,22559,8223,8103,0.788
PHerc0332,argmax,22706,8281,8006,1.013
PHerc0332,argmax,22866,8282,7972,1.15
PHerc0332,argmax,23027,8249,7909,1.394
PHerc0332,argmax,23208,8182,7925,1.487
PHerc0332,argmax,23406,8152,8034,1.351
PHerc0332,argmax,23636,8141,8072,1.25
PHerc0332,argmax,23871,8152,8113,1.153
PHerc0332,argmax,24106,8182,8188,0.982
PHerc0332,argmax,24361,8218,8289,0.938
PHerc0332,argmax,24573,8270,8295,1.206
PHerc0332,argmax,24783,8331,8311,1.074
PHerc0332,argmax,25039,8339,8289,0.871
PHerc0332,argmax,25275,8303,8370,0.731
PHerc0332,argmax,25500,8279,8446,0.936
PHerc0332,argmax,25725,8190,8521,1.308
PHerc0332,argmax,25915,8113,8624,1.627
PHerc0332,argmax,26047,8099,8690,1.754
PHerc0332,argmax,26203,8056,8750,1.999
PHerc0332,argmax,26374,8162,8769,1.928
PHerc0332,argmax,26519,8245,8781,1.861
PHerc0332,argmax,26674,8328,8778,1.502
PHerc0332,argmax,26845,8430,8766,1.134
PHerc0332,argmax,27005,8450,8763,0.96
PHerc0332,argmax,27130,8546,8697,0.74
PHerc0332,argmax,27227,8686,8646,0.82
PHerc0332,argmax,27366,8753,8543,0.753
PHerc0332,argmax,27524,8755,8461,0.711
PHerc0332,argmax,27667,8791,8329,0.596
PHerc0332,argmax,27840,8795,8207,0.452
PHerc0332,argmax,28009,8673,8106,0.385
PHerc0332,argmax,28148,8582,8088,0.531
PHerc0332,argmax,28300,8565,8041,0.561
PHerc0332,argmax,28486,8566,8053,0.6
PHerc0332,argmax,28729,8609,8056,0.663
PHerc0332,argmax,28981,8645,8009,0.821
PHerc0332,argmax,29228,8678,8025,0.384
PHerc0332,argmax,29404,8720,8138,0.214
PHerc0332,argmax,29611,8750,8069,0.603
PHerc0332,argmax,29829,8811,8006,0.475
PHerc0332,argmax,30057,8891,7871,0.432
PHerc0332,argmax,30356,8918,7790,0.456
PHerc0332,argmax,30648,8929,7680,0.712
PHerc0332,centroid,2793,8469,8293,2.791
PHerc0332,centroid,2969,8491,8278,2.522
PHerc0332,centroid,3174,8512,8264,2.204
PHerc0332,centroid,3487,8534,8249,2.194
PHerc0332,centroid,3778,8556,8235,2.48
PHerc0332,centroid,4032,8592,8221,2.555
PHerc0332,centroid,4317,8604,8216,2.181
PHerc0332,centroid,4620,8592,8180,1.768
PHerc0332,centroid,4810,8560,8163,1.543
PHerc0332,centroid,5082,8556,8128,1.371
PHerc0332,centroid,5361,8554,8208,1.026
PHerc0332,centroid,5625,8547,8277,0.631
PHerc0332,centroid,5897,8549,8345,0.292
PHerc0332,centroid,6208,8530,8337,0.028
PHerc0332,centroid,6507,8512,8325,0.165
PHerc0332,centroid,6827,8519,8277,0.138
PHerc0332,centroid,7126,8460,8277,0.207
PHerc0332,centroid,7396,8450,8257,0.17
PHerc0332,centroid,7704,8377,8282,0.264
PHerc0332,centroid,7969,8310,8265,0.446
PHerc0332,centroid,8194,8286,8248,0.538
PHerc0332,centroid,8427,8231,8268,0.648
PHerc0332,centroid,8673,8209,8354,0.641
PHerc0332,centroid,8980,8236,8339,0.517
PHerc0332,centroid,9151,8300,8417,0.424
PHerc0332,centroid,9376,8296,8531,0.647
PHerc0332,centroid,9516,8183,8534,0.832
PHerc0332,centroid,9660,8122,8548,0.984
PHerc0332,centroid,9820,8144,8591,1.047
PHerc0332,centroid,10021,8202,8611,1.027
PHerc0332,centroid,10191,8261,8568,0.888
PHerc0332,centroid,10400,8273,8548,0.888
PHerc0332,centroid,10540,8286,8514,0.842
PHerc0332,centroid,10680,8368,8437,0.619
PHerc0332,centroid,10871,8364,8408,0.599
PHerc0332,centroid,11068,8385,8397,0.541
PHerc0332,centroid,11268,8332,8411,0.614
PHerc0332,centroid,11473,8314,8388,0.567
PHerc0332,centroid,11658,8284,8391,0.549
PHerc0332,centroid,11832,8240,8400,0.576
PHerc0332,centroid,12029,8207,8451,0.657
PHerc0332,centroid,12176,8283,8516,0.653
PHerc0332,centroid,12350,8274,8473,0.54
PHerc0332,centroid,12545,8289,8480,0.559
PHerc0332,centroid,12695,8268,8473,0.557
PHerc0332,centroid,12823,8253,8480,0.585
PHerc0332,centroid,13003,8204,8468,0.561
PHerc0332,centroid,13172,8215,8483,0.623
PHerc0332,centroid,13341,8179,8471,0.601
PHerc0332,centroid,13521,8158,8436,0.456
PHerc0332,centroid,13673,8160,8427,0.391
PHerc0332,centroid,13830,8096,8414,0.302
PHerc0332,centroid,13964,8097,8377,0.173
PHerc0332,centroid,14127,8114,8383,0.175
PHerc0332,centroid,14291,8094,8351,0.082
PHerc0332,centroid,14449,8105,8380,0.155
PHerc0332,centroid,14640,8097,8389,0.174
PHerc0332,centroid,14823,8130,8420,0.313
PHerc0332,centroid,14974,8129,8386,0.283
PHerc0332,centroid,15180,8111,8389,0.295
PHerc0332,centroid,15359,8088,8417,0.304
PHerc0332,centroid,15578,8111,8474,0.431
PHerc0332,centroid,15791,8163,8518,0.551
PHerc0332,centroid,15991,8199,8562,0.706
PHerc0332,centroid,16200,8235,8634,0.944
PHerc0332,centroid,16255,8218,8612,0.896
PHerc0332,centroid,16304,8254,8634,0.979
PHerc0332,centroid,16395,8202,8574,0.835
PHerc0332,centroid,16479,8179,8511,0.701
PHerc0332,centroid,16586,8130,8471,0.607
PHerc0332,centroid,16737,8072,8408,0.479
PHerc0332,centroid,16850,7986,8348,0.449
PHerc0332,centroid,16965,7909,8320,0.536
PHerc0332,centroid,17102,7845,8270,0.618
PHerc0332,centroid,17228,7765,8251,0.875
PHerc0332,centroid,17350,7666,8229,1.172
PHerc0332,centroid,17422,7531,8248,1.543
PHerc0332,centroid,17474,7448,8242,1.767
PHerc0332,centroid,17512,7443,8191,1.783
PHerc0332,centroid,17557,7357,8179,2.01
PHerc0332,centroid,17615,7292,8223,2.212
PHerc0332,centroid,17698,7237,8229,2.395
PHerc0332,centroid,17788,7229,8220,2.392
PHerc0332,centroid,17884,7237,8179,2.301
PHerc0332,centroid,18022,7264,8191,2.159
PHerc0332,centroid,18129,7287,8229,2.056
PHerc0332,centroid,18237,7308,8220,1.938
PHerc0332,centroid,18361,7335,8204,1.794
PHerc0332,centroid,18515,7405,8191,1.653
PHerc0332,centroid,18661,7501,8194,1.471
PHerc0332,centroid,18817,7531,8173,1.435
PHerc0332,centroid,18977,7576,8119,1.341
PHerc0332,centroid,19168,7615,8116,1.267
PHerc0332,centroid,19386,7648,8116,1.217
PHerc0332,centroid,19582,7650,8063,1.235
PHerc0332,centroid,19788,7655,8082,1.269
PHerc0332,centroid,19964,7663,8016,1.288
PHerc0332,centroid,20101,7677,7984,1.289
PHerc0332,centroid,20281,7697,8012,1.247
PHerc0332,centroid,20481,7705,8041,1.176
PHerc0332,centroid,20649,7691,8000,1.181
PHerc0332,centroid,20829,7667,8019,1.192
PHerc0332,centroid,21004,7663,8060,1.166
PHerc0332,centroid,21187,7664,8085,1.139
PHerc0332,centroid,21377,7681,8122,1.073
PHerc0332,centroid,21592,7727,8125,0.96
PHerc0332,centroid,21791,7757,8094,0.916
PHerc0332,centroid,21964,7786,8038,0.869
PHerc0332,centroid,22143,7910,7981,0.614
PHerc0332,centroid,22321,7984,7994,0.53
PHerc0332,centroid,22460,8096,8113,0.289
PHerc0332,centroid,22559,8223,8103,0.048
PHerc0332,centroid,22706,8281,8006,0.358
PHerc0332,centroid,22866,8282,7972,0.533
PHerc0332,centroid,23027,8249,7909,0.802
PHerc0332,centroid,23208,8182,7925,0.945
PHerc0332,centroid,23406,8152,8034,0.887
PHerc0332,centroid,23636,8141,8072,0.934
PHerc0332,centroid,23871,8152,8113,0.951
PHerc0332,centroid,24106,8182,8188,0.799
PHerc0332,centroid,24361,8218,8289,0.531
PHerc0332,centroid,24573,8270,8295,0.352
PHerc0332,centroid,24783,8331,8311,0.213
PHerc0332,centroid,25039,8339,8289,0.225
PHerc0332,centroid,25275,8303,8370,0.363
PHerc0332,centroid,25500,8279,8446,0.49
PHerc0332,centroid,25725,8190,8521,0.755
PHerc0332,centroid,25915,8113,8624,1.056
PHerc0332,centroid,26047,8099,8690,1.298
PHerc0332,centroid,26203,8056,8750,1.616
PHerc0332,centroid,26374,8162,8769,1.637
PHerc0332,centroid,26519,8245,8781,1.656
PHerc0332,centroid,26674,8328,8778,1.54
PHerc0332,centroid,26845,8430,8766,1.437
PHerc0332,centroid,27005,8450,8763,1.433
PHerc0332,centroid,27130,8546,8697,1.292
PHerc0332,centroid,27227,8686,8646,1.251
PHerc0332,centroid,27366,8753,8543,1.067
PHerc0332,centroid,27524,8755,8461,0.873
PHerc0332,centroid,27667,8791,8329,0.599
PHerc0332,centroid,27840,8795,8207,0.318
PHerc0332,centroid,28009,8673,8106,0.142
PHerc0332,centroid,28148,8582,8088,0.366
PHerc0332,centroid,28300,8565,8041,0.442
PHerc0332,centroid,28486,8566,8053,0.452
PHerc0332,centroid,28729,8609,8056,0.395
PHerc0332,centroid,28981,8645,8009,0.417
PHerc0332,centroid,29228,8678,8025,0.204
PHerc0332,centroid,29404,8720,8138,0.219
PHerc0332,centroid,29611,8750,8069,0.247
PHerc0332,centroid,29829,8811,8006,0.275
PHerc0332,centroid,30057,8891,7871,0.409
PHerc0332,centroid,30356,8918,7790,0.47
PHerc0332,centroid,30648,8929,7680,0.719
PHerc0332,plateau_centroid,2793,8469,8293,2.405
PHerc0332,plateau_centroid,2969,8491,8278,2.142
PHerc0332,plateau_centroid,3174,8512,8264,1.84
PHerc0332,plateau_centroid,3487,8534,8249,1.888
PHerc0332,plateau_centroid,3778,8556,8235,2.239
PHerc0332,plateau_centroid,4032,8592,8221,2.386
PHerc0332,plateau_centroid,4317,8604,8216,2.142
PHerc0332,plateau_centroid,4620,8592,8180,1.847
PHerc0332,plateau_centroid,4810,8560,8163,1.564
PHerc0332,plateau_centroid,5082,8556,8128,1.302
PHerc0332,plateau_centroid,5361,8554,8208,1.0
PHerc0332,plateau_centroid,5625,8547,8277,0.745
PHerc0332,plateau_centroid,5897,8549,8345,0.442
PHerc0332,plateau_centroid,6208,8530,8337,0.238
PHerc0332,plateau_centroid,6507,8512,8325,0.537
PHerc0332,plateau_centroid,6827,8519,8277,0.447
PHerc0332,plateau_centroid,7126,8460,8277,0.501
PHerc0332,plateau_centroid,7396,8450,8257,0.54
PHerc0332,plateau_centroid,7704,8377,8282,0.695
PHerc0332,plateau_centroid,7969,8310,8265,0.848
PHerc0332,plateau_centroid,8194,8286,8248,0.918
PHerc0332,plateau_centroid,8427,8231,8268,1.026
PHerc0332,plateau_centroid,8673,8209,8354,1.026
PHerc0332,plateau_centroid,8980,8236,8339,0.988
PHerc0332,plateau_centroid,9151,8300,8417,0.829
PHerc0332,plateau_centroid,9376,8296,8531,0.933
PHerc0332,plateau_centroid,9516,8183,8534,1.228
PHerc0332,plateau_centroid,9660,8122,8548,1.448
PHerc0332,plateau_centroid,9820,8144,8591,1.531
PHerc0332,plateau_centroid,10021,8202,8611,1.541
PHerc0332,plateau_centroid,10191,8261,8568,1.476
PHerc0332,plateau_centroid,10400,8273,8548,1.533
PHerc0332,plateau_centroid,10540,8286,8514,1.542
PHerc0332,plateau_centroid,10680,8368,8437,1.36
PHerc0332,plateau_centroid,10871,8364,8408,1.393
PHerc0332,plateau_centroid,11068,8385,8397,1.28
PHerc0332,plateau_centroid,11268,8332,8411,1.353
PHerc0332,plateau_centroid,11473,8314,8388,1.31
PHerc0332,plateau_centroid,11658,8284,8391,1.18
PHerc0332,plateau_centroid,11832,8240,8400,1.108
PHerc0332,plateau_centroid,12029,8207,8451,0.992
PHerc0332,plateau_centroid,12176,8283,8516,0.708
PHerc0332,plateau_centroid,12350,8274,8473,0.633
PHerc0332,plateau_centroid,12545,8289,8480,0.508
PHerc0332,plateau_centroid,12695,8268,8473,0.488
PHerc0332,plateau_centroid,12823,8253,8480,0.441
PHerc0332,plateau_centroid,13003,8204,8468,0.42
PHerc0332,plateau_centroid,13172,8215,8483,0.287
PHerc0332,plateau_centroid,13341,8179,8471,0.244
PHerc0332,plateau_centroid,13521,8158,8436,0.268
PHerc0332,plateau_centroid,13673,8160,8427,0.3
PHerc0332,plateau_centroid,13830,8096,8414,0.457
PHerc0332,plateau_centroid,13964,8097,8377,0.571
PHerc0332,plateau_centroid,14127,8114,8383,0.568
PHerc0332,plateau_centroid,14291,8094,8351,0.686
PHerc0332,plateau_centroid,14449,8105,8380,0.639
PHerc0332,plateau_centroid,14640,8097,8389,0.639
PHerc0332,plateau_centroid,14823,8130,8420,0.508
PHerc0332,plateau_centroid,14974,8129,8386,0.594
PHerc0332,plateau_centroid,15180,8111,8389,0.615
PHerc0332,plateau_centroid,15359,8088,8417,0.522
PHerc0332,plateau_centroid,15578,8111,8474,0.366
PHerc0332,plateau_centroid,15791,8163,8518,0.25
PHerc0332,plateau_centroid,15991,8199,8562,0.094
PHerc0332,plateau_centroid,16200,8235,8634,0.154
PHerc0332,plateau_centroid,16255,8218,8612,0.118
PHerc0332,plateau_centroid,16304,8254,8634,0.191
PHerc0332,plateau_centroid,16395,8202,8574,0.098
PHerc0332,plateau_centroid,16479,8179,8511,0.15
PHerc0332,plateau_centroid,16586,8130,8471,0.287
PHerc0332,plateau_centroid,16737,8072,8408,0.479
PHerc0332,plateau_centroid,16850,7986,8348,0.719
PHerc0332,plateau_centroid,16965,7909,8320,0.891
PHerc0332,plateau_centroid,17102,7845,8270,1.073
PHerc0332,plateau_centroid,17228,7765,8251,1.241
PHerc0332,plateau_centroid,17350,7666,8229,1.479
PHerc0332,plateau_centroid,17422,7531,8248,1.776
PHerc0332,plateau_centroid,17474,7448,8242,1.984
PHerc0332,plateau_centroid,17512,7443,8191,2.038
PHerc0332,plateau_centroid,17557,7357,8179,2.255
PHerc0332,plateau_centroid,17615,7292,8223,2.4
PHerc0332,plateau_centroid,17698,7237,8229,2.555
PHerc0332,plateau_centroid,17788,7229,8220,2.512
PHerc0332,plateau_centroid,17884,7237,8179,2.389
PHerc0332,plateau_centroid,18022,7264,8191,2.147
PHerc0332,plateau_centroid,18129,7287,8229,1.942
PHerc0332,plateau_centroid,18237,7308,8220,1.761
PHerc0332,plateau_centroid,18361,7335,8204,1.551
PHerc0332,plateau_centroid,18515,7405,8191,1.403
PHerc0332,plateau_centroid,18661,7501,8194,1.197
PHerc0332,plateau_centroid,18817,7531,8173,1.16
PHerc0332,plateau_centroid,18977,7576,8119,1.1
PHerc0332,plateau_centroid,19168,7615,8116,1.119
PHerc0332,plateau_centroid,19386,7648,8116,1.183
PHerc0332,plateau_centroid,19582,7650,8063,1.379
PHerc0332,plateau_centroid,19788,7655,8082,1.24
PHerc0332,plateau_centroid,19964,7663,8016,1.179
PHerc0332,plateau_centroid,20101,7677,7984,1.096
PHerc0332,plateau_centroid,20281,7697,8012,0.982
PHerc0332,plateau_centroid,20481,7705,8041,1.133
PHerc0332,plateau_centroid,20649,7691,8000,1.396
PHerc0332,plateau_centroid,20829,7667,8019,1.603
PHerc0332,plateau_centroid,21004,7663,8060,1.51
PHerc0332,plateau_centroid,21187,7664,8085,1.368
PHerc0332,plateau_centroid,21377,7681,8122,1.174
PHerc0332,plateau_centroid,21592,7727,8125,1.034
PHerc0332,plateau_centroid,21791,7757,8094,1.083
PHerc0332,plateau_centroid,21964,7786,8038,1.171
PHerc0332,plateau_centroid,22143,7910,7981,1.127
PHerc0332,plateau_centroid,22321,7984,7994,1.017
PHerc0332,plateau_centroid,22460,8096,8113,0.656
PHerc0332,plateau_centroid,22559,8223,8103,0.675
PHerc0332,plateau_centroid,22706,8281,8006,0.931
PHerc0332,plateau_centroid,22866,8282,7972,1.083
PHerc0332,plateau_centroid,23027,8249,7909,1.324
PHerc0332,plateau_centroid,23208,8182,7925,1.399
PHerc0332,plateau_centroid,23406,8152,8034,1.25
PHerc0332,plateau_centroid,23636,8141,8072,1.2
PHerc0332,plateau_centroid,23871,8152,8113,1.146
PHerc0332,plateau_centroid,24106,8182,8188,0.948
PHerc0332,plateau_centroid,24361,8218,8289,0.649
PHerc0332,plateau_centroid,24573,8270,8295,0.559
PHerc0332,plateau_centroid,24783,8331,8311,0.485
PHerc0332,plateau_centroid,25039,8339,8289,0.603
PHerc0332,plateau_centroid,25275,8303,8370,0.654
PHerc0332,plateau_centroid,25500,8279,8446,0.619
PHerc0332,plateau_centroid,25725,8190,8521,0.795
PHerc0332,plateau_centroid,25915,8113,8624,1.055
PHerc0332,plateau_centroid,26047,8099,8690,1.362
PHerc0332,plateau_centroid,26203,8056,8750,1.766
PHerc0332,plateau_centroid,26374,8162,8769,1.84
PHerc0332,plateau_centroid,26519,8245,8781,1.853
PHerc0332,plateau_centroid,26674,8328,8778,1.52
PHerc0332,plateau_centroid,26845,8430,8766,1.195
PHerc0332,plateau_centroid,27005,8450,8763,1.076
PHerc0332,plateau_centroid,27130,8546,8697,0.893
PHerc0332,plateau_centroid,27227,8686,8646,0.947
PHerc0332,plateau_centroid,27366,8753,8543,0.863
PHerc0332,plateau_centroid,27524,8755,8461,0.797
PHerc0332,plateau_centroid,27667,8791,8329,0.644
PHerc0332,plateau_centroid,27840,8795,8207,0.449
PHerc0332,plateau_centroid,28009,8673,8106,0.338
PHerc0332,plateau_centroid,28148,8582,8088,0.504
PHerc0332,plateau_centroid,28300,8565,8041,0.567
PHerc0332,plateau_centroid,28486,8566,8053,0.589
PHerc0332,plateau_centroid,28729,8609,8056,0.576
PHerc0332,plateau_centroid,28981,8645,8009,0.667
PHerc0332,plateau_centroid,29228,8678,8025,0.29
PHerc0332,plateau_centroid,29404,8720,8138,0.296
PHerc0332,plateau_centroid,29611,8750,8069,0.487
PHerc0332,plateau_centroid,29829,8811,8006,0.335
PHerc0332,plateau_centroid,30057,8891,7871,0.188
PHerc0332,plateau_centroid,30356,8918,7790,0.36
PHerc0332,plateau_centroid,30648,8929,7680,0.753
PHerc0332,plateau_nearest_centroid,2793,8469,8293,2.801
PHerc0332,plateau_nearest_centroid,2969,8491,8278,2.528
PHerc0332,plateau_nearest_centroid,3174,8512,8264,2.206
PHerc0332,plateau_nearest_centroid,3487,8534,8249,2.199
PHerc0332,plateau_nearest_centroid,3778,8556,8235,2.493
PHerc0332,plateau_nearest_centroid,4032,8592,8221,2.571
PHerc0332,plateau_nearest_centroid,4317,8604,8216,2.194
PHerc0332,plateau_nearest_centroid,4620,8592,8180,1.779
PHerc0332,plateau_nearest_centroid,4810,8560,8163,1.554
PHerc0332,plateau_nearest_centroid,5082,8556,8128,1.376
PHerc0332,plateau_nearest_centroid,5361,8554,8208,1.034
PHerc0332,plateau_nearest_centroid,5625,8547,8277,0.645
PHerc0332,plateau_nearest_centroid,5897,8549,8345,0.306
PHerc0332,plateau_nearest_centroid,6208,8530,8337,0.033
PHerc0332,plateau_nearest_centroid,6507,8512,8325,0.184
PHerc0332,plateau_nearest_centroid,6827,8519,8277,0.159
PHerc0332,plateau_nearest_centroid,7126,8460,8277,0.234
PHerc0332,plateau_nearest_centroid,7396,8450,8257,0.196
PHerc0332,plateau_nearest_centroid,7704,8377,8282,0.286
PHerc0332,plateau_nearest_centroid,7969,8310,8265,0.454
PHerc0332,plateau_nearest_centroid,8194,8286,8248,0.535
PHerc0332,plateau_nearest_centroid,8427,8231,8268,0.644
PHerc0332,plateau_nearest_centroid,8673,8209,8354,0.648
PHerc0332,plateau_nearest_centroid,8980,8236,8339,0.545
PHerc0332,plateau_nearest_centroid,9151,8300,8417,0.442
PHerc0332,plateau_nearest_centroid,9376,8296,8531,0.672
PHerc0332,plateau_nearest_centroid,9516,8183,8534,0.862
PHerc0332,plateau_nearest_centroid,9660,8122,8548,1.012
PHerc0332,plateau_nearest_centroid,9820,8144,8591,1.072
PHerc0332,plateau_nearest_centroid,10021,8202,8611,1.048
PHerc0332,plateau_nearest_centroid,10191,8261,8568,0.904
PHerc0332,plateau_nearest_centroid,10400,8273,8548,0.889
PHerc0332,plateau_nearest_centroid,10540,8286,8514,0.834
PHerc0332,plateau_nearest_centroid,10680,8368,8437,0.6
PHerc0332,plateau_nearest_centroid,10871,8364,8408,0.573
PHerc0332,plateau_nearest_centroid,11068,8385,8397,0.526
PHerc0332,plateau_nearest_centroid,11268,8332,8411,0.612
PHerc0332,plateau_nearest_centroid,11473,8314,8388,0.576
PHerc0332,plateau_nearest_centroid,11658,8284,8391,0.553
PHerc0332,plateau_nearest_centroid,11832,8240,8400,0.578
PHerc0332,plateau_nearest_centroid,12029,8207,8451,0.654
PHerc0332,plateau_nearest_centroid,12176,8283,8516,0.638
PHerc0332,plateau_nearest_centroid,12350,8274,8473,0.533
PHerc0332,plateau_nearest_centroid,12545,8289,8480,0.556
PHerc0332,plateau_nearest_centroid,12695,8268,8473,0.561
PHerc0332,plateau_nearest_centroid,12823,8253,8480,0.58
PHerc0332,plateau_nearest_centroid,13003,8204,8468,0.547
PHerc0332,plateau_nearest_centroid,13172,8215,8483,0.593
PHerc0332,plateau_nearest_centroid,13341,8179,8471,0.56
PHerc0332,plateau_nearest_centroid,13521,8158,8436,0.429
PHerc0332,plateau_nearest_centroid,13673,8160,8427,0.374
PHerc0332,plateau_nearest_centroid,13830,8096,8414,0.3
PHerc0332,plateau_nearest_centroid,13964,8097,8377,0.177
PHerc0332,plateau_nearest_centroid,14127,8114,8383,0.17
PHerc0332,plateau_nearest_centroid,14291,8094,8351,0.072
PHerc0332,plateau_nearest_centroid,14449,8105,8380,0.13
PHerc0332,plateau_nearest_centroid,14640,8097,8389,0.137
PHerc0332,plateau_nearest_centroid,14823,8130,8420,0.267
PHerc0332,plateau_nearest_centroid,14974,8129,8386,0.241
PHerc0332,plateau_nearest_centroid,15180,8111,8389,0.25
PHerc0332,plateau_nearest_centroid,15359,8088,8417,0.244
PHerc0332,plateau_nearest_centroid,15578,8111,8474,0.387
PHerc0332,plateau_nearest_centroid,15791,8163,8518,0.526
PHerc0332,plateau_nearest_centroid,15991,8199,8562,0.7
PHerc0332,plateau_nearest_centroid,16200,8235,8634,0.955
PHerc0332,plateau_nearest_centroid,16255,8218,8612,0.911
PHerc0332,plateau_nearest_centroid,16304,8254,8634,1.0
PHerc0332,plateau_nearest_centroid,16395,8202,8574,0.861
PHerc0332,plateau_nearest_centroid,16479,8179,8511,0.731
PHerc0332,plateau_nearest_centroid,16586,8130,8471,0.591
PHerc0332,plateau_nearest_centroid,16737,8072,8408,0.397
PHerc0332,plateau_nearest_centroid,16850,7986,8348,0.346
PHerc0332,plateau_nearest_centroid,16965,7909,8320,0.449
PHerc0332,plateau_nearest_centroid,17102,7845,8270,0.577
PHerc0332,plateau_nearest_centroid,17228,7765,8251,0.84
PHerc0332,plateau_nearest_centroid,17350,7666,8229,1.15
PHerc0332,plateau_nearest_centroid,17422,7531,8248,1.521
PHerc0332,plateau_nearest_centroid,17474,7448,8242,1.752
PHerc0332,plateau_nearest_centroid,17512,7443,8191,1.783
PHerc0332,plateau_nearest_centroid,17557,7357,8179,2.016
PHerc0332,plateau_nearest_centroid,17615,7292,8223,2.214
PHerc0332,plateau_nearest_centroid,17698,7237,8229,2.402
PHerc0332,plateau_nearest_centroid,17788,7229,8220,2.404
PHerc0332,plateau_nearest_centroid,17884,7237,8179,2.32
PHerc0332,plateau_nearest_centroid,18022,7264,8191,2.177
PHerc0332,plateau_nearest_centroid,18129,7287,8229,2.072
PHerc0332,plateau_nearest_centroid,18237,7308,8220,1.957
PHerc0332,plateau_nearest_centroid,18361,7335,8204,1.816
PHerc0332,plateau_nearest_centroid,18515,7405,8191,1.677
PHerc0332,plateau_nearest_centroid,18661,7501,8194,1.498
PHerc0332,plateau_nearest_centroid,18817,7531,8173,1.464
PHerc0332,plateau_nearest_centroid,18977,7576,8119,1.372
PHerc0332,plateau_nearest_centroid,19168,7615,8116,1.282
PHerc0332,plateau_nearest_centroid,19386,7648,8116,1.224
PHerc0332,plateau_nearest_centroid,19582,7650,8063,1.257
PHerc0332,plateau_nearest_centroid,19788,7655,8082,1.272
PHerc0332,plateau_nearest_centroid,19964,7663,8016,1.283
PHerc0332,plateau_nearest_centroid,20101,7677,7984,1.272
PHerc0332,plateau_nearest_centroid,20281,7697,8012,1.216
PHerc0332,plateau_nearest_centroid,20481,7705,8041,1.148
PHerc0332,plateau_nearest_centroid,20649,7691,8000,1.159
PHerc0332,plateau_nearest_centroid,20829,7667,8019,1.173
PHerc0332,plateau_nearest_centroid,21004,7663,8060,1.144
PHerc0332,plateau_nearest_centroid,21187,7664,8085,1.115
PHerc0332,plateau_nearest_centroid,21377,7681,8122,1.049
PHerc0332,plateau_nearest_centroid,21592,7727,8125,0.936
PHerc0332,plateau_nearest_centroid,21791,7757,8094,0.888
PHerc0332,plateau_nearest_centroid,21964,7786,8038,0.849
PHerc0332,plateau_nearest_centroid,22143,7910,7981,0.628
PHerc0332,plateau_nearest_centroid,22321,7984,7994,0.56
PHerc0332,plateau_nearest_centroid,22460,8096,8113,0.286
PHerc0332,plateau_nearest_centroid,22559,8223,8103,0.109
PHerc0332,plateau_nearest_centroid,22706,8281,8006,0.394
PHerc0332,plateau_nearest_centroid,22866,8282,7972,0.562
PHerc0332,plateau_nearest_centroid,23027,8249,7909,0.83
PHerc0332,plateau_nearest_centroid,23208,8182,7925,0.971
PHerc0332,plateau_nearest_centroid,23406,8152,8034,0.909
PHerc0332,plateau_nearest_centroid,23636,8141,8072,0.951
PHerc0332,plateau_nearest_centroid,23871,8152,8113,0.962
PHerc0332,plateau_nearest_centroid,24106,8182,8188,0.803
PHerc0332,plateau_nearest_centroid,24361,8218,8289,0.522
PHerc0332,plateau_nearest_centroid,24573,8270,8295,0.331
PHerc0332,plateau_nearest_centroid,24783,8331,8311,0.184
PHerc0332,plateau_nearest_centroid,25039,8339,8289,0.2
PHerc0332,plateau_nearest_centroid,25275,8303,8370,0.346
PHerc0332,plateau_nearest_centroid,25500,8279,8446,0.469
PHerc0332,plateau_nearest_centroid,25725,8190,8521,0.727
PHerc0332,plateau_nearest_centroid,25915,8113,8624,1.024
PHerc0332,plateau_nearest_centroid,26047,8099,8690,1.272
PHerc0332,plateau_nearest_centroid,26203,8056,8750,1.597
PHerc0332,plateau_nearest_centroid,26374,8162,8769,1.623
PHerc0332,plateau_nearest_centroid,26519,8245,8781,1.644
PHerc0332,plateau_nearest_centroid,26674,8328,8778,1.523
PHerc0332,plateau_nearest_centroid,26845,8430,8766,1.412
PHerc0332,plateau_nearest_centroid,27005,8450,8763,1.403
PHerc0332,plateau_nearest_centroid,27130,8546,8697,1.255
PHerc0332,plateau_nearest_centroid,27227,8686,8646,1.221
PHerc0332,plateau_nearest_centroid,27366,8753,8543,1.052
PHerc0332,plateau_nearest_centroid,27524,8755,8461,0.875
PHerc0332,plateau_nearest_centroid,27667,8791,8329,0.616
PHerc0332,plateau_nearest_centroid,27840,8795,8207,0.343
PHerc0332,plateau_nearest_centroid,28009,8673,8106,0.146
PHerc0332,plateau_nearest_centroid,28148,8582,8088,0.379
PHerc0332,plateau_nearest_centroid,28300,8565,8041,0.466
PHerc0332,plateau_nearest_centroid,28486,8566,8053,0.48
PHerc0332,plateau_nearest_centroid,28729,8609,8056,0.407
PHerc0332,plateau_nearest_centroid,28981,8645,8009,0.411
PHerc0332,plateau_nearest_centroid,29228,8678,8025,0.2
PHerc0332,plateau_nearest_centroid,29404,8720,8138,0.21
PHerc0332,plateau_nearest_centroid,29611,8750,8069,0.246
PHerc0332,plateau_nearest_centroid,29829,8811,8006,0.281
PHerc0332,plateau_nearest_centroid,30057,8891,7871,0.409
PHerc0332,plateau_nearest_centroid,30356,8918,7790,0.455
PHerc0332,plateau_nearest_centroid,30648,8929,7680,0.712
PHerc0332,argmax+hampel,3487,8534,8249,1.786
PHerc0332,argmax+hampel,3778,8556,8235,2.206
PHerc0332,argmax+hampel,4032,8592,8221,2.362
PHerc0332,argmax+hampel,4317,8604,8216,2.011
PHerc0332,argmax+hampel,4620,8592,8180,1.653
PHerc0332,argmax+hampel,4810,8560,8163,1.505
PHerc0332,argmax+hampel,5082,8556,8128,1.461
PHerc0332,argmax+hampel,5361,8554,8208,1.345
PHerc0332,argmax+hampel,5625,8547,8277,1.243
PHerc0332,argmax+hampel,5897,8549,8345,1.132
PHerc0332,argmax+hampel,6208,8530,8337,0.975
PHerc0332,argmax+hampel,6507,8512,8325,0.842
PHerc0332,argmax+hampel,6827,8519,8277,0.823
PHerc0332,argmax+hampel,7126,8460,8277,0.686
PHerc0332,argmax+hampel,7396,8450,8257,0.691
PHerc0332,argmax+hampel,7704,8377,8282,0.619
PHerc0332,argmax+hampel,7969,8310,8265,0.847
PHerc0332,argmax+hampel,8194,8286,8248,1.042
PHerc0332,argmax+hampel,8427,8231,8268,1.037
PHerc0332,argmax+hampel,8673,8209,8354,0.803
PHerc0332,argmax+hampel,8980,8236,8339,0.822
PHerc0332,argmax+hampel,9151,8300,8417,0.628
PHerc0332,argmax+hampel,9376,8296,8531,0.695
PHerc0332,argmax+hampel,9516,8183,8534,1.042
PHerc0332,argmax+hampel,9660,8122,8548,1.31
PHerc0332,argmax+hampel,9820,8144,8591,1.433
PHerc0332,argmax+hampel,10021,8202,8611,1.503
PHerc0332,argmax+hampel,10191,8261,8568,1.504
PHerc0332,argmax+hampel,10400,8273,8548,1.48
PHerc0332,argmax+hampel,10540,8286,8514,1.43
PHerc0332,argmax+hampel,10680,8368,8437,1.195
PHerc0332,argmax+hampel,10871,8364,8408,1.199
PHerc0332,argmax+hampel,11068,8385,8397,1.187
PHerc0332,argmax+hampel,11268,8332,8411,1.361
PHerc0332,argmax+hampel,11473,8314,8388,1.433
PHerc0332,argmax+hampel,11658,8284,8391,1.434
PHerc0332,argmax+hampel,11832,8240,8400,1.479
PHerc0332,argmax+hampel,12029,8207,8451,1.487
PHerc0332,argmax+hampel,12176,8283,8516,1.331
PHerc0332,argmax+hampel,12350,8274,8473,1.461
PHerc0332,argmax+hampel,12545,8289,8480,1.553
PHerc0332,argmax+hampel,12695,8268,8473,1.701
PHerc0332,argmax+hampel,12823,8253,8480,1.669
PHerc0332,argmax+hampel,13003,8204,8468,1.673
PHerc0332,argmax+hampel,13172,8215,8483,1.545
PHerc0332,argmax+hampel,13341,8179,8471,1.536
PHerc0332,argmax+hampel,13521,8158,8436,1.32
PHerc0332,argmax+hampel,13673,8160,8427,1.097
PHerc0332,argmax+hampel,13830,8096,8414,1.036
PHerc0332,argmax+hampel,13964,8097,8377,0.941
PHerc0332,argmax+hampel,14127,8114,8383,0.943
PHerc0332,argmax+hampel,14291,8094,8351,1.072
PHerc0332,argmax+hampel,14449,8105,8380,1.049
PHerc0332,argmax+hampel,14640,8097,8389,1.059
PHerc0332,argmax+hampel,14823,8130,8420,0.838
PHerc0332,argmax+hampel,14974,8129,8386,0.814
PHerc0332,argmax+hampel,15180,8111,8389,0.732
PHerc0332,argmax+hampel,15359,8088,8417,0.624
PHerc0332,argmax+hampel,15578,8111,8474,0.394
PHerc0332,argmax+hampel,15791,8163,8518,0.305
PHerc0332,argmax+hampel,15991,8199,8562,0.25
PHerc0332,argmax+hampel,16200,8235,8634,0.287
PHerc0332,argmax+hampel,16255,8218,8612,0.218
PHerc0332,argmax+hampel,16304,8254,8634,0.315
PHerc0332,argmax+hampel,16395,8202,8574,0.122
PHerc0332,argmax+hampel,16479,8179,8511,0.042
PHerc0332,argmax+hampel,16586,8130,8471,0.129
PHerc0332,argmax+hampel,16737,8072,8408,0.266
PHerc0332,argmax+hampel,16850,7986,8348,0.45
PHerc0332,argmax+hampel,16965,7909,8320,0.569
PHerc0332,argmax+hampel,17102,7845,8270,0.695
PHerc0332,argmax+hampel,17228,7765,8251,0.805
PHerc0332,argmax+hampel,17350,7666,8229,0.965
PHerc0332,argmax+hampel,17422,7531,8248,1.189
PHerc0332,argmax+hampel,17474,7448,8242,1.351
PHerc0332,argmax+hampel,17512,7443,8191,1.39
PHerc0332,argmax+hampel,17557,7357,8179,1.566
PHerc0332,argmax+hampel,17615,7292,8223,1.645
PHerc0332,argmax+hampel,17698,7237,8229,1.724
PHerc0332,argmax+hampel,17788,7229,8220,1.701
PHerc0332,argmax+hampel,17884,7237,8179,1.662
PHerc0332,argmax+hampel,18022,7264,8191,1.518
PHerc0332,argmax+hampel,18129,7287,8229,1.382
PHerc0332,argmax+hampel,18237,7308,8220,1.283
PHerc0332,argmax+hampel,18361,7335,8204,1.168
PHerc0332,argmax+hampel,18515,7405,8191,0.945
PHerc0332,argmax+hampel,18661,7501,8194,0.654
PHerc0332,argmax+hampel,18817,7531,8173,0.528
PHerc0332,argmax+hampel,18977,7576,8119,0.391
PHerc0332,argmax+hampel,19168,7615,8116,0.58
PHerc0332,argmax+hampel,19386,7648,8116,0.832
PHerc0332,argmax+hampel,19582,7650,8063,1.198
PHerc0332,argmax+hampel,19788,7655,8082,1.037
PHerc0332,argmax+hampel,19964,7663,8016,0.973
PHerc0332,argmax+hampel,20101,7677,7984,0.889
PHerc0332,argmax+hampel,20281,7697,8012,0.746
PHerc0332,argmax+hampel,20481,7705,8041,0.86
PHerc0332,argmax+hampel,20649,7691,8000,1.117
PHerc0332,argmax+hampel,20829,7667,8019,1.278
PHerc0332,argmax+hampel,21004,7663,8060,1.27
PHerc0332,argmax+hampel,21187,7664,8085,1.268
PHerc0332,argmax+hampel,21377,7681,8122,1.226
PHerc0332,argmax+hampel,21592,7727,8125,1.182
PHerc0332,argmax+hampel,21791,7757,8094,1.202
PHerc0332,argmax+hampel,21964,7786,8038,1.276
PHerc0332,argmax+hampel,22143,7910,7981,1.251
PHerc0332,argmax+hampel,22321,7984,7994,1.127
PHerc0332,argmax+hampel,22460,8096,8113,0.763
PHerc0332,argmax+hampel,22559,8223,8103,0.788
PHerc0332,argmax+hampel,22706,8281,8006,1.013
PHerc0332,argmax+hampel,22866,8282,7972,1.15
PHerc0332,argmax+hampel,23027,8249,7909,1.394
PHerc0332,argmax+hampel,23208,8182,7925,1.487
PHerc0332,argmax+hampel,23406,8152,8034,1.351
PHerc0332,argmax+hampel,23636,8141,8072,1.25
PHerc0332,argmax+hampel,23871,8152,8113,1.153
PHerc0332,argmax+hampel,24106,8182,8188,0.982
PHerc0332,argmax+hampel,24361,8218,8289,0.938
PHerc0332,argmax+hampel,24573,8270,8295,1.206
PHerc0332,argmax+hampel,24783,8331,8311,1.074
PHerc0332,argmax+hampel,25039,8339,8289,0.871
PHerc0332,argmax+hampel,25275,8303,8370,0.731
PHerc0332,argmax+hampel,25500,8279,8446,0.936
PHerc0332,argmax+hampel,25725,8190,8521,1.308
PHerc0332,argmax+hampel,25915,8113,8624,1.627
PHerc0332,argmax+hampel,26047,8099,8690,1.754
PHerc0332,argmax+hampel,26203,8056,8750,1.999
PHerc0332,argmax+hampel,26374,8162,8769,1.928
PHerc0332,argmax+hampel,26519,8245,8781,1.861
PHerc0332,argmax+hampel,26674,8328,8778,1.502
PHerc0332,argmax+hampel,26845,8430,8766,1.134
PHerc0332,argmax+hampel,27005,8450,8763,0.96
PHerc0332,argmax+hampel,27130,8546,8697,0.74
PHerc0332,argmax+hampel,27227,8686,8646,0.82
PHerc0332,argmax+hampel,27366,8753,8543,0.753
PHerc0332,argmax+hampel,27524,8755,8461,0.711
PHerc0332,argmax+hampel,27667,8791,8329,0.596
PHerc0332,argmax+hampel,27840,8795,8207,0.452
PHerc0332,argmax+hampel,28009,8673,8106,0.385
PHerc0332,argmax+hampel,28148,8582,8088,0.531
PHerc0332,argmax+hampel,28300,8565,8041,0.561
PHerc0332,argmax+hampel,28486,8566,8053,0.6
PHerc0332,argmax+hampel,28729,8609,8056,0.663
PHerc0332,argmax+hampel,28981,8645,8009,0.821
PHerc0332,argmax+hampel,29228,8678,8025,0.384
PHerc0332,argmax+hampel,29404,8720,8138,0.214
PHerc0332,argmax+hampel,29611,8750,8069,0.603
PHerc0332,argmax+hampel,29829,8811,8006,0.475
PHerc0332,argmax+hampel,30057,8891,7871,0.432
PHerc0332,argmax+hampel,30356,8918,7790,0.456
PHerc0332,argmax+hampel,30648,8929,7680,0.712
PHerc0332,fake_axis,2793,8469,8293,1.719
PHerc0332,fake_axis,2969,8491,8278,1.743
PHerc0332,fake_axis,3174,8512,8264,1.768
PHerc0332,fake_axis,3487,8534,8249,1.795
PHerc0332,fake_axis,3778,8556,8235,1.825
PHerc0332,fake_axis,4032,8592,8221,1.887
PHerc0332,fake_axis,4317,8604,8216,1.908
PHerc0332,fake_axis,4620,8592,8180,1.847
PHerc0332,fake_axis,4810,8560,8163,1.761
PHerc0332,fake_axis,5082,8556,8128,1.721
PHerc0332,fake_axis,5361,8554,8208,1.792
PHerc0332,fake_axis,5625,8547,8277,1.856
PHerc0332,fake_axis,5897,8549,8345,1.948
PHerc0332,fake_axis,6208,8530,8337,1.9
PHerc0332,fake_axis,6507,8512,8325,1.848
PHerc0332,fake_axis,6827,8519,8277,1.798
PHerc0332,fake_axis,7126,8460,8277,1.679
PHerc0332,fake_axis,7396,8450,8257,1.633
PHerc0332,fake_axis,7704,8377,8282,1.527
PHerc0332,fake_axis,7969,8310,8265,1.378
PHerc0332,fake_axis,8194,8286,8248,1.308
PHerc0332,fake_axis,8427,8231,8268,1.248
PHerc0332,fake_axis,8673,8209,8354,1.378
PHerc0332,fake_axis,8980,8236,8339,1.387
PHerc0332,fake_axis,9151,8300,8417,1.629
PHerc0332,fake_axis,9376,8296,8531,1.847
PHerc0332,fake_axis,9516,8183,8534,1.723
PHerc0332,fake_axis,9660,8122,8548,1.698
PHerc0332,fake_axis,9820,8144,8591,1.813
PHerc0332,fake_axis,10021,8202,8611,1.91
PHerc0332,fake_axis,10191,8261,8568,1.88
PHerc0332,fake_axis,10400,8273,8548,1.853
PHerc0332,fake_axis,10540,8286,8514,1.799
PHerc0332,fake_axis,10680,8368,8437,1.77
PHerc0332,fake_axis,10871,8364,8408,1.712
PHerc0332,fake_axis,11068,8385,8397,1.727
PHerc0332,fake_axis,11268,8332,8411,1.666
PHerc0332,fake_axis,11473,8314,8388,1.596
PHerc0332,fake_axis,11658,8284,8391,1.556
PHerc0332,fake_axis,11832,8240,8400,1.511
PHerc0332,fake_axis,12029,8207,8451,1.572
PHerc0332,fake_axis,12176,8283,8516,1.8
PHerc0332,fake_axis,12350,8274,8473,1.701
PHerc0332,fake_axis,12545,8289,8480,1.735
PHerc0332,fake_axis,12695,8268,8473,1.693
PHerc0332,fake_axis,12823,8253,8480,1.688
PHerc0332,fake_axis,13003,8204,8468,1.604
PHerc0332,fake_axis,13172,8215,8483,1.648
PHerc0332,fake_axis,13341,8179,8471,1.582
PHerc0332,fake_axis,13521,8158,8436,1.485
PHerc0332,fake_axis,13673,8160,8427,1.468
PHerc0332,fake_axis,13830,8096,8414,1.376
PHerc0332,fake_axis,13964,8097,8377,1.295
PHerc0332,fake_axis,14127,8114,8383,1.325
PHerc0332,fake_axis,14291,8094,8351,1.235
PHerc0332,fake_axis,14449,8105,8380,1.309
PHerc0332,fake_axis,14640,8097,8389,1.321
PHerc0332,fake_axis,14823,8130,8420,1.421
PHerc0332,fake_axis,14974,8129,8386,1.346
PHerc0332,fake_axis,15180,8111,8389,1.335
PHerc0332,fake_axis,15359,8088,8417,1.375
PHerc0332,fake_axis,15578,8111,8474,1.523
PHerc0332,fake_axis,15791,8163,8518,1.668
PHerc0332,fake_axis,15991,8199,8562,1.8
PHerc0332,fake_axis,16200,8235,8634,1.993
PHerc0332,fake_axis,16255,8218,8612,1.928
PHerc0332,fake_axis,16304,8254,8634,2.013
PHerc0332,fake_axis,16395,8202,8574,1.829
PHerc0332,fake_axis,16479,8179,8511,1.669
PHerc0332,fake_axis,16586,8130,8471,1.533
PHerc0332,fake_axis,16737,8072,8408,1.342
PHerc0332,fake_axis,16850,7986,8348,1.145
PHerc0332,fake_axis,16965,7909,8320,1.053
PHerc0332,fake_axis,17102,7845,8270,0.935
PHerc0332,fake_axis,17228,7765,8251,0.929
PHerc0332,fake_axis,17350,7666,8229,0.981
PHerc0332,fake_axis,17422,7531,8248,1.217
PHerc0332,fake_axis,17474,7448,8242,1.353
PHerc0332,fake_axis,17512,7443,8191,1.288
PHerc0332,fake_axis,17557,7357,8179,1.447
PHerc0332,fake_axis,17615,7292,8223,1.635
PHerc0332,fake_axis,17698,7237,8229,1.757
PHerc0332,fake_axis,17788,7229,8220,1.764
PHerc0332,fake_axis,17884,7237,8179,1.704
PHerc0332,fake_axis,18022,7264,8191,1.658
PHerc0332,fake_axis,18129,7287,8229,1.652
PHerc0332,fake_axis,18237,7308,8220,1.598
PHerc0332,fake_axis,18361,7335,8204,1.523
PHerc0332,fake_axis,18515,7405,8191,1.363
PHerc0332,fake_axis,18661,7501,8194,1.181
PHerc0332,fake_axis,18817,7531,8173,1.094
PHerc0332,fake_axis,18977,7576,8119,0.929
PHerc0332,fake_axis,19168,7615,8116,0.852
PHerc0332,fake_axis,19386,7648,8116,0.794
PHerc0332,fake_axis,19582,7650,8063,0.706
PHerc0332,fake_axis,19788,7655,8082,0.726
PHerc0332,fake_axis,19964,7663,8016,0.616
PHerc0332,fake_axis,20101,7677,7984,0.549
PHerc0332,fake_axis,20281,7697,8012,0.542
PHerc0332,fake_axis,20481,7705,8041,0.571
PHerc0332,fake_axis,20649,7691,8000,0.539
PHerc0332,fake_axis,20829,7667,8019,0.612
PHerc0332,fake_axis,21004,7663,8060,0.677
PHerc0332,fake_axis,21187,7664,8085,0.715
PHerc0332,fake_axis,21377,7681,8122,0.751
PHerc0332,fake_axis,21592,7727,8125,0.691
PHerc0332,fake_axis,21791,7757,8094,0.59
PHerc0332,fake_axis,21964,7786,8038,0.439
PHerc0332,fake_axis,22143,7910,7981,0.247
PHerc0332,fake_axis,22321,7984,7994,0.363
PHerc0332,fake_axis,22460,8096,8113,0.755
PHerc0332,fake_axis,22559,8223,8103,0.975
PHerc0332,fake_axis,22706,8281,8006,1.002
PHerc0332,fake_axis,22866,8282,7972,0.984
PHerc0332,fake_axis,23027,8249,7909,0.883
PHerc0332,fake_axis,23208,8182,7925,0.727
PHerc0332,fake_axis,23406,8152,8034,0.743
PHerc0332,fake_axis,23636,8141,8072,0.771
PHerc0332,fake_axis,23871,8152,8113,0.852
PHerc0332,fake_axis,24106,8182,8188,1.028
PHerc0332,fake_axis,24361,8218,8289,1.266
PHerc0332,fake_axis,24573,8270,8295,1.359
PHerc0332,fake_axis,24783,8331,8311,1.49
PHerc0332,fake_axis,25039,8339,8289,1.468
PHerc0332,fake_axis,25275,8303,8370,1.546
PHerc0332,fake_axis,25500,8279,8446,1.655
PHerc0332,fake_axis,25725,8190,8521,1.702
PHerc0332,fake_axis,25915,8113,8624,1.864
PHerc0332,fake_axis,26047,8099,8690,2.007
PHerc0332,fake_axis,26203,8056,8750,2.124
PHerc0332,fake_axis,26374,8162,8769,2.231
PHerc0332,fake_axis,26519,8245,8781,2.326
PHerc0332,fake_axis,26674,8328,8778,2.401
PHerc0332,fake_axis,26845,8430,8766,2.495
PHerc0332,fake_axis,27005,8450,8763,2.515
PHerc0332,fake_axis,27130,8546,8697,2.522
PHerc0332,fake_axis,27227,8686,8646,2.661
PHerc0332,fake_axis,27366,8753,8543,2.623
PHerc0332,fake_axis,27524,8755,8461,2.513
PHerc0332,fake_axis,27667,8791,8329,2.43
PHerc0332,fake_axis,27840,8795,8207,2.325
PHerc0332,fake_axis,28009,8673,8106,1.972
PHerc0332,fake_axis,28148,8582,8088,1.751
PHerc0332,fake_axis,28300,8565,8041,1.682
PHerc0332,fake_axis,28486,8566,8053,1.691
PHerc0332,fake_axis,28729,8609,8056,1.793
PHerc0332,fake_axis,28981,8645,8009,1.856
PHerc0332,fake_axis,29228,8678,8025,1.94
PHerc0332,fake_axis,29404,8720,8138,2.102
PHerc0332,fake_axis,29611,8750,8069,2.13
PHerc0332,fake_axis,29829,8811,8006,2.248
PHerc0332,fake_axis,30057,8891,7871,2.421
PHerc0332,fake_axis,30356,8918,7790,2.495
PHerc0332,fake_axis,30648,8929,7680,2.558
